Date,Sentiment
2017-04-09,0.163925
2017-04-10,0.1579369230769231
2017-04-11,0.0761705263157895
2017-04-12,0.0435670886075949
2017-04-13,0.0806426229508196
2017-04-14,0.128990625
2017-04-15,0.2170666666666666
2017-04-16,0.0687923076923077
2017-04-17,0.1179093023255813
2017-04-18,0.1300934426229508
2017-04-19,0.1647573770491803
2017-04-20,0.2407133333333333
2017-04-21,0.1187853658536585
2017-04-22,0.1193890243902438
2017-04-23,0.1611761904761904
2017-04-24,0.165191304347826
2017-04-25,0.1347249999999999
2017-04-26,0.6469260000000001
2017-04-27,0.5194506849315068
2017-04-28,0.53386
2017-04-29,0.3601325581395349
2017-04-30,0.5722295454545455
2017-05-01,0.159954
2017-05-02,-0.034911
2017-05-03,0.099576
2017-05-04,0.190875
2017-05-05,0.1866694736842105
2017-05-06,0.2941833333333333
2017-05-07,0.3098484848484849
2017-05-08,0.2032709999999999
2017-05-09,0.162136
2017-05-10,0.0861319999999999
2017-05-11,0.13782
2017-05-12,0.084412
2017-05-13,0.4628419354838709
2017-05-14,0.3822941176470588
2017-05-15,0.2063850574712643
2017-05-16,0.149253
2017-05-17,0.024843
2017-05-18,0.161692
2017-05-19,0.3051919354838709
2017-05-20,0.3309444444444444
2017-05-21,0.174276
2017-05-22,-0.070281
2017-05-23,0.101266
2017-05-24,0.12213375
2017-05-25,0.0944125
2017-05-26,0.0959509999999999
2017-05-27,0.1792813953488371
2017-05-28,0.0895951219512195
2017-05-29,0.2265818181818182
2017-05-30,0.1621858974358974
2017-05-31,0.112754
2017-06-01,0.1639365853658536
2017-06-02,0.1669875
2017-06-03,0.0145043478260869
2017-06-04,0.1288208333333333
2017-06-05,0.054883
2017-06-06,0.082296
2017-06-07,0.150905376344086
2017-06-08,0.0708255102040816
2017-06-09,0.0389679999999999
2017-06-10,0.180022
2017-06-11,0.179971875
2017-06-12,0.058944
2017-06-13,0.04695
2017-06-14,0.0436262626262626
2017-06-15,0.145665
2017-06-16,0.127803
2017-06-17,0.1962243243243243
2017-06-18,0.2812464285714285
2017-06-19,0.1275924050632911
2017-06-20,0.3280236842105263
2017-06-21,0.1733808510638297
2017-06-22,0.1564363636363636
2017-06-23,0.3112
2017-06-24,0.3264870967741936
2017-06-25,0.3079148148148148
2017-06-26,0.1097589999999999
2017-06-27,-0.0413539999999999
2017-06-28,0.0825112359550561
2017-06-29,0.0646529999999999
2017-06-30,0.08591
2017-07-01,0.5083714285714286
2017-07-02,0.5518177777777779
2017-07-03,0.1132909999999999
2017-07-04,0.1514769999999999
2017-07-05,0.2241794117647058
2017-07-06,0.116587
2017-07-07,-0.027098
2017-07-08,0.3378833333333333
2017-07-09,0.4262866666666666
2017-07-10,0.2155126984126984
2017-07-11,0.524384
2017-07-12,0.3290556701030928
2017-07-13,0.2239227848101266
2017-07-14,0.3171202127659575
2017-07-15,0.5551291666666667
2017-07-16,0.2844470588235294
2017-07-17,-0.0631565656565656
2017-07-18,0.2853686046511627
2017-07-19,0.6879239999999998
2017-07-20,0.5211939999999999
2017-07-21,0.4225044943820225
2017-07-22,0.3788986486486486
2017-07-23,0.2968471428571428
2017-07-24,0.38974
2017-07-25,0.4346009999999999
2017-07-26,0.5167959999999999
2017-07-27,0.468669
2017-07-28,0.491239
2017-07-29,0.3051292682926829
2017-07-30,0.222867469879518
2017-07-31,0.3124945054945055
2017-08-01,0.254752
2017-08-02,0.301093
2017-08-03,0.388359
2017-08-04,0.3716350649350649
2017-08-05,0.4547736842105263
2017-08-06,0.3886361111111111
2017-08-07,0.368436
2017-08-08,0.2414459999999999
2017-08-09,0.6871789999999998
2017-08-10,0.6650859999999997
2017-08-11,0.6707189999999997
2017-08-12,0.7772906666666667
2017-08-13,0.7269113402061853
2017-08-14,0.6446069999999999
2017-08-15,0.5847979999999999
2017-08-16,0.5108069999999999
2017-08-17,0.5910369999999999
2017-08-18,0.4942109999999999
2017-08-19,0.7234483333333334
2017-08-20,0.7427
2017-08-21,0.270641
2017-08-22,0.4664369999999999
2017-08-23,0.3284079999999999
2017-08-24,0.446593
2017-08-25,0.5938608247422681
2017-08-26,0.752537037037037
2017-08-27,0.6138540540540541
2017-08-28,0.3511189999999999
2017-08-29,0.367256
2017-08-30,0.4454669999999999
2017-08-31,0.334372
2017-09-01,0.2476619999999999
2017-09-02,0.5668807692307692
2017-09-03,0.5518152173913043
2017-09-04,0.5040052631578947
2017-09-05,0.311266
2017-09-06,0.291562
2017-09-07,0.25265
2017-09-08,0.3770949999999999
2017-09-09,0.405044
2017-09-10,0.3781094736842104
2017-09-11,0.277983
2017-09-12,0.167207
2017-09-13,0.190305
2017-09-14,0.5028670000000001
2017-09-15,0.482187
2017-09-16,0.4061814814814815
2017-09-17,0.0712939393939393
2017-09-18,0.4618309999999999
2017-09-19,0.3131030000000001
2017-09-20,0.2631969999999999
2017-09-21,0.128387
2017-09-22,0.20203
2017-09-23,0.4593931034482759
2017-09-24,0.5053545454545454
2017-09-25,0.2250419999999999
2017-09-26,0.238881
2017-09-27,0.4595449999999998
2017-09-28,0.4048659999999999
2017-09-29,0.511722
2017-09-30,0.3432802816901408
2017-10-01,0.5475803921568627
2017-10-02,0.6049347222222221
2017-10-03,0.6221166666666667
2017-10-04,0.4827606382978722
2017-10-05,0.3777549999999999
2017-10-06,0.606653164556962
2017-10-07,0.532773469387755
2017-10-08,0.4486717948717948
2017-10-09,0.4830249999999999
2017-10-10,0.5277505747126436
2017-10-11,0.4496769999999999
2017-10-12,0.437598
2017-10-13,0.5186029999999999
2017-10-14,0.330401724137931
2017-10-15,0.3603253731343283
2017-10-16,0.362917
2017-10-17,0.469404
2017-10-18,0.483849
2017-10-19,0.18187
2017-10-20,0.4756869999999999
2017-10-21,0.3694
2017-10-22,0.3927790123456789
2017-10-23,0.450063
2017-10-24,0.3564510000000001
2017-10-25,0.5009705263157894
2017-10-26,0.4375989999999999
2017-10-27,0.27292
2017-10-28,0.400138
2017-10-29,0.3487406779661017
2017-10-30,0.239198
2017-10-31,0.2879609999999999
2017-11-01,0.3196299999999999
2017-11-02,0.26697
2017-11-03,0.267338
2017-11-04,0.5000842105263158
2017-11-05,0.3395658536585366
2017-11-06,0.259924
2017-11-07,0.450727
2017-11-08,0.4479449999999999
2017-11-09,0.5805101010101009
2017-11-10,0.52865
2017-11-11,0.6932729411764705
2017-11-12,0.6396949152542374
2017-11-13,0.497048
2017-11-14,0.2614169999999999
2017-11-15,0.2260989999999999
2017-11-16,0.4919519999999999
2017-11-17,0.4943295454545454
2017-11-18,0.5901609375
2017-11-19,0.4426431372549019
2017-11-20,0.5666891304347825
2017-11-21,0.4843515151515151
2017-11-22,0.5529852272727273
2017-11-23,0.6038061224489796
2017-11-24,0.6623136842105263
2017-11-25,0.6894520547945205
2017-11-26,0.5939692307692308
2017-11-27,0.325794
2017-11-28,0.56413
2017-11-29,0.348519
2017-11-30,0.3736259999999999
2017-12-01,0.016263
2017-12-02,0.6241707865168539
2017-12-03,0.6378542372881356
2017-12-04,0.3208595959595959
2017-12-05,0.5033379310344828
2017-12-06,0.430541
2017-12-07,0.4472369999999999
2017-12-08,0.5018442105263158
2017-12-09,0.6053655737704918
2017-12-10,0.6256710144927536
2017-12-11,0.4049629999999999
2017-12-12,0.7398009999999996
2017-12-13,0.5138479999999999
2017-12-14,0.6151939999999998
2017-12-15,0.5803236559139784
2017-12-16,0.7267447761194029
2017-12-17,0.6712597402597402
2017-12-18,0.577224
2017-12-19,0.4565209999999999
2017-12-20,0.5483539999999999
2017-12-21,0.6052869999999999
2017-12-22,0.66877
2017-12-23,0.7149988505747127
2017-12-24,0.7470396825396824
2017-12-25,0.4990974999999998
2017-12-26,0.108687
2017-12-27,0.4129319999999999
2017-12-28,0.288551
2017-12-29,0.5729269999999999
2017-12-30,0.6328499999999999
2017-12-31,0.7179011363636363
2018-01-01,0.7322743589743589
2018-01-02,0.5065829999999999
2018-01-03,0.578487
2018-01-04,0.6701139999999998
2018-01-05,0.696056
2018-01-06,0.7250130000000001
2018-01-07,0.7576340909090908
2018-01-08,0.628753
2018-01-09,0.4687959999999999
2018-01-10,0.5978169999999999
2018-01-11,0.7146039999999998
2018-01-12,0.604107
2018-01-13,0.7137010526315787
2018-01-14,0.7017964285714284
2018-01-15,0.682468817204301
2018-01-16,0.6166339999999999
2018-01-17,0.493229
2018-01-18,0.6539280000000001
2018-01-19,0.619157
2018-01-20,0.6877807692307691
2018-01-21,0.6989051282051282
2018-01-22,0.5165069999999999
2018-01-23,0.4801010101010101
2018-01-24,0.500906
2018-01-25,0.7282039999999997
2018-01-26,0.78482
2018-01-27,0.825613
2018-01-28,0.6853279999999998
2018-01-29,0.4450089999999999
2018-01-30,0.375595
2018-01-31,0.594773
2018-02-01,0.389856
2018-02-02,0.387586
2018-02-03,0.6951609999999999
2018-02-04,0.6101800000000001
2018-02-05,0.259064
2018-02-06,0.399345
2018-02-07,0.559038
2018-02-08,0.52032
2018-02-09,0.5136139999999999
2018-02-10,0.5098560000000001
2018-02-11,0.6424917647058824
2018-02-12,0.614232
2018-02-13,0.4605599999999999
2018-02-14,0.130713
2018-02-15,0.4228349999999999
2018-02-16,0.4860619999999999
2018-02-17,0.5242782608695652
2018-02-18,0.6053
2018-02-19,0.7519916666666667
2018-02-20,0.507752
2018-02-21,0.551908
2018-02-22,0.6322585858585857
2018-02-23,0.5844229999999999
2018-02-24,0.6680767123287671
2018-02-25,0.7154184210526315
2018-02-26,0.4544919999999999
2018-02-27,0.52305
2018-02-28,0.532536
2018-03-01,0.530159
2018-03-02,0.439443
2018-03-03,0.659178
2018-03-04,0.6262000000000001
2018-03-05,0.5493009999999999
2018-03-06,0.5630659999999998
2018-03-07,0.420659
2018-03-08,0.471189
2018-03-09,0.294257
2018-03-10,0.6740716216216216
2018-03-11,0.5139303571428572
2018-03-12,0.489309
2018-03-13,0.508764
2018-03-14,0.6113172043010753
2018-03-15,0.4621621951219511
2018-03-16,0.5423289999999998
2018-03-17,0.6547076923076922
2018-03-18,0.5785458333333333
2018-03-19,0.178618
2018-03-20,0.489084
2018-03-21,0.4311639999999999
2018-03-22,0.396184
2018-03-23,0.4246810000000001
2018-03-24,0.4608683544303798
2018-03-25,0.5297141025641025
2018-03-26,0.4435424242424242
2018-03-27,0.2630545454545455
2018-03-28,0.2752369999999999
2018-03-29,0.47904
2018-03-30,0.655259756097561
2018-03-31,0.5121538461538462
2018-04-01,0.4677865853658536
2018-04-02,0.408019
2018-04-03,0.434672
2018-04-04,0.444725
2018-04-05,0.3628849999999999
2018-04-06,0.252221
2018-04-07,0.5724619047619048
2018-04-08,0.3978931506849315
2018-04-09,0.574395
2018-04-10,0.3588839999999999
2018-04-11,0.3325499999999999
2018-04-12,0.4856999999999999
2018-04-13,0.429234
2018-04-14,0.4015057142857143
2018-04-15,0.4174833333333334
2018-04-16,0.5123305555555555
2018-04-17,0.31032
2018-04-18,0.4552337078651685
2018-04-19,0.3176309523809524
2018-04-20,0.4463888888888889
2018-04-21,0.1271044776119403
2018-04-22,0.3384500000000001
2018-04-23,0.175001
2018-04-24,0.329186
2018-04-25,0.377036
2018-04-26,0.3378505376344086
2018-04-27,0.3508494736842105
2018-04-28,0.5651023255813953
2018-04-29,0.3286048780487805
2018-04-30,0.334782
2018-05-01,0.204105
2018-05-02,0.242473
2018-05-03,0.358934
2018-05-04,0.2815061224489796
2018-05-05,0.2496919999999999
2018-05-06,0.3636936170212765
2018-05-07,0.3984320000000001
2018-05-08,0.3629349999999999
2018-05-09,0.36447
2018-05-10,0.4426800000000001
2018-05-11,0.479979
2018-05-12,0.42959
2018-05-13,0.468726
2018-05-14,0.434867
2018-05-15,0.43589
2018-05-16,0.433994
2018-05-17,0.415438
2018-05-18,0.5174880000000001
2018-05-19,0.4693977011494252
2018-05-20,0.3979128571428572
2018-05-21,0.434435
2018-05-22,0.417762
2018-05-23,0.472636
2018-05-24,0.362159
2018-05-25,0.427589
2018-05-26,0.4624686868686869
2018-05-27,0.4039365079365078
2018-05-28,0.474911111111111
2018-05-29,0.468414
2018-05-30,0.4317129999999999
2018-05-31,0.4336069999999999
2018-06-01,0.406781
2018-06-02,0.4455469387755102
2018-06-03,0.4329903614457832
2018-06-04,0.304039
2018-06-05,0.4579279999999999
2018-06-06,0.412167
2018-06-07,0.4181679999999999
2018-06-08,0.3489069999999999
2018-06-09,0.4750442857142857
2018-06-10,0.5202304347826087
2018-06-11,0.5072570000000001
2018-06-12,0.4683900000000001
2018-06-13,0.5049269230769232
2018-06-14,0.572689
2018-06-15,0.540323
2018-06-16,0.5508710000000001
2018-06-17,0.5371750000000001
2018-06-18,0.508322
2018-06-19,0.478476
2018-06-20,0.603872
2018-06-21,0.471634
2018-06-22,0.46555
2018-06-23,0.498978409090909
2018-06-24,0.5284219780219781
2018-06-25,0.4029649999999999
2018-06-26,0.5122289999999999
2018-06-27,0.388737
2018-06-28,0.4730710000000001
2018-06-29,0.488053
2018-06-30,0.6755836734693879
2018-07-01,0.4479089285714286
2018-07-02,0.4780597222222222
2018-07-03,0.5635
2018-07-04,0.4656435483870969
2018-07-05,0.5561405797101449
2018-07-06,0.530588
2018-07-07,0.5785797297297297
2018-07-08,0.2702170454545454
2018-07-09,0.4493419999999999
2018-07-10,0.5273164705882352
2018-07-11,0.4425461538461539
2018-07-12,0.5501149425287356
2018-07-13,0.6593790697674418
2018-07-14,0.5931697674418606
2018-07-15,0.5228642857142857
2018-07-16,0.5781185714285714
2018-07-17,0.592918
2018-07-18,0.5258835164835165
2018-07-19,0.543071
2018-07-20,0.563
2018-07-21,0.5397868852459017
2018-07-22,0.5143860465116279
2018-07-23,0.5636629213483145
2018-07-24,0.5472780487804878
2018-07-25,0.5578868421052632
2018-07-26,0.3994719999999999
2018-07-27,0.5425386363636363
2018-07-28,0.5962604166666666
2018-07-29,0.5879065217391305
2018-07-30,0.3903740000000001
2018-07-31,0.240394
2018-08-01,0.389298
2018-08-02,0.369634
2018-08-03,0.4346320000000001
2018-08-04,0.5378193181818182
2018-08-05,0.5266953846153847
2018-08-06,0.5139009999999999
2018-08-07,0.45147
2018-08-08,0.5039919999999999
2018-08-09,0.5535972972972973
2018-08-10,0.4534757575757575
2018-08-11,0.5541753846153846
2018-08-12,0.6050875
2018-08-13,0.442977380952381
2018-08-14,0.5776627906976745
2018-08-15,0.3606439999999999
2018-08-16,0.4230323232323232
2018-08-17,0.431603
2018-08-18,0.5490924050632912
2018-08-19,0.5061756097560975
2018-08-20,0.4657642857142857
2018-08-21,0.577121
2018-08-22,0.475748
2018-08-23,0.5683469999999999
2018-08-24,0.556804
2018-08-25,0.6263972972972973
2018-08-26,0.6296741379310345
2018-08-27,0.6209
2018-08-28,0.4863099999999999
2018-08-29,0.406883
2018-08-30,0.362154
2018-08-31,0.3873499999999999
2018-09-01,0.6648053191489361
2018-09-02,0.5591621212121213
2018-09-03,0.5140205882352942
2018-09-04,0.453508
2018-09-05,0.54286
2018-09-06,0.5147609999999999
2018-09-07,0.545158
2018-09-08,0.3903529411764705
2018-09-09,0.4527063492063493
2018-09-10,0.291266
2018-09-11,0.466118
2018-09-12,0.31439
2018-09-13,0.4541469387755102
2018-09-14,0.4766040404040405
2018-09-15,0.5052148936170213
2018-09-16,0.5605859375
2018-09-17,0.46682
2018-09-18,0.56114
2018-09-19,0.6089359999999999
2018-09-20,0.540592
2018-09-21,0.525868
2018-09-22,0.4785220588235295
2018-09-23,0.48151625
2018-09-24,0.5451799999999999
2018-09-25,0.5979959999999999
2018-09-26,0.548167
2018-09-27,0.454561
2018-09-28,0.5785819999999999
2018-09-29,0.5635235294117646
2018-09-30,0.583228125
2018-10-01,0.6228919999999999
2018-10-02,0.579229
2018-10-03,0.562102
2018-10-04,0.5126430000000001
2018-10-05,0.240153
2018-10-06,0.447404918032787
2018-10-07,0.5195828571428572
2018-10-08,0.5562079999999999
2018-10-09,0.5717193181818181
2018-10-10,0.4519949999999999
2018-10-11,0.4498499999999999
2018-10-12,0.561008
2018-10-13,0.505773076923077
2018-10-14,0.5917283018867925
2018-10-15,0.4014840000000001
2018-10-16,0.510608
2018-10-17,0.5387691489361701
2018-10-18,0.5073010752688173
2018-10-19,0.3602539999999999
2018-10-20,0.585986046511628
2018-10-21,0.4427276595744681
2018-10-22,0.3977323232323232
2018-10-23,0.4329386363636364
2018-10-24,0.562791
2018-10-25,0.43537
2018-10-26,0.433994
2018-10-27,0.5181109090909092
2018-10-28,0.4956131147540984
2018-10-29,0.34281
2018-10-30,0.4133309999999999
2018-10-31,0.389452
2018-11-01,0.097527
2018-11-02,0.142735
2018-11-03,0.3695861111111111
2018-11-04,0.3104463768115942
2018-11-05,0.170711
2018-11-06,0.4199089999999998
2018-11-07,0.4945569999999999
2018-11-08,0.3688059999999999
2018-11-09,0.3861855670103092
2018-11-10,0.5398372093023256
2018-11-11,0.4448690476190477
2018-11-12,0.0348639999999999
2018-11-13,0.2787699999999999
2018-11-14,0.185125
2018-11-15,0.371237
2018-11-16,0.3824602040816326
2018-11-17,0.5071803278688525
2018-11-18,0.6150326923076924
2018-11-19,0.114464
2018-11-20,0.197843
2018-11-21,0.256784
2018-11-22,0.3651781818181819
2018-11-23,0.3460662337662338
2018-11-24,0.4593825396825396
2018-11-25,0.3905040816326531
2018-11-26,0.167751
2018-11-27,0.2405666666666666
2018-11-28,0.290232
2018-11-29,0.3098459999999999
2018-11-30,0.4500218749999999
2018-12-01,0.5329955555555556
2018-12-02,0.4232203389830509
2018-12-03,0.3410519999999999
2018-12-04,0.204768
2018-12-05,0.2883904255319149
2018-12-06,0.250839
2018-12-07,0.297941
2018-12-08,0.3018568181818181
2018-12-09,0.2600555555555556
2018-12-10,0.168283
2018-12-11,0.235075
2018-12-12,0.4055769999999999
2018-12-13,0.440219
2018-12-14,0.543496
2018-12-15,0.6320999999999999
2018-12-16,0.5205282828282828
2018-12-17,0.4923739999999999
2018-12-18,0.521368
2018-12-19,0.5004
2018-12-20,0.3971409999999998
2018-12-21,0.435611
2018-12-22,0.5029983870967742
2018-12-23,0.4319507042253521
2018-12-24,0.4225959999999999
2018-12-25,0.4920071428571428
2018-12-26,0.52689
2018-12-27,0.432274
2018-12-28,0.400864
2018-12-29,0.5652538461538461
2018-12-30,0.4980745098039216
2018-12-31,0.5464442105263158
2019-01-01,0.5453947368421053
2019-01-02,0.0111629999999999
2019-01-03,0.078058
2019-01-04,0.2420109999999999
2019-01-05,0.3501179999999999
2019-01-06,0.3768473118279569
2019-01-07,0.587837
2019-01-08,0.316547
2019-01-09,0.5019899999999999
2019-01-10,0.457346
2019-01-11,0.539054
2019-01-12,0.54329
2019-01-13,0.6170217391304348
2019-01-14,0.4802439999999999
2019-01-15,0.620867
2019-01-16,0.525319
2019-01-17,0.5212819999999999
2019-01-18,0.2618299999999999
2019-01-19,0.6721119999999998
2019-01-20,0.4884469387755101
2019-01-21,0.500651
2019-01-22,0.55665
2019-01-23,0.4120109999999999
2019-01-24,0.6135099999999999
2019-01-25,0.484952
2019-01-26,0.6057729999999999
2019-01-27,0.5890282828282827
2019-01-28,0.418807
2019-01-29,0.21022
2019-01-30,0.394912
2019-01-31,0.54746
2019-02-01,0.5598030303030302
2019-02-02,0.542027
2019-02-03,0.5531039999999999
2019-02-04,0.640432
2019-02-05,0.489685
2019-02-06,0.622178
2019-02-07,0.564708
2019-02-08,0.712778
2019-02-09,0.595977
2019-02-10,0.5923559999999999
2019-02-11,0.6790719999999999
2019-02-12,0.611563
2019-02-13,0.32948
2019-02-14,0.523677
2019-02-15,0.421419
2019-02-16,0.6539288659793814
2019-02-17,0.6650313953488373
2019-02-18,0.50383
2019-02-19,0.5541579999999999
2019-02-20,0.556793
2019-02-21,0.5785849999999999
2019-02-22,0.5579749999999999
2019-02-23,0.684789
2019-02-24,0.6383589999999999
2019-02-25,0.6699689999999999
2019-02-26,0.70316
2019-02-27,0.6371899999999999
2019-02-28,0.707385
2019-03-01,0.6775229999999999
2019-03-02,0.721759
2019-03-03,0.640406
2019-03-04,0.594575
2019-03-05,0.6490259999999999
2019-03-06,0.694665
2019-03-07,0.708911
2019-03-08,0.6491969999999999
2019-03-09,0.6961799999999999
2019-03-10,0.665982474226804
2019-03-11,0.614065
2019-03-12,0.5877009999999999
2019-03-13,0.721415
2019-03-14,0.52718
2019-03-15,0.6422139999999998
2019-03-16,0.747246
2019-03-17,0.6816934065934065
2019-03-18,0.607124
2019-03-19,0.5949749999999999
2019-03-20,0.6504579999999999
2019-03-21,0.413518
2019-03-22,0.4907609999999999
2019-03-23,0.532089
2019-03-24,0.4591980000000001
2019-03-25,0.3933799999999999
2019-03-26,0.367734
2019-03-27,0.517444
2019-03-28,0.571773
2019-03-29,0.609837
2019-03-30,0.5833839999999999
2019-03-31,0.522957
2019-04-01,0.5542229999999999
2019-04-02,0.6300389999999999
2019-04-03,0.534512
2019-04-04,0.7313780000000001
2019-04-05,0.7079929999999999
2019-04-06,0.7691146067415728
2019-04-07,0.6098069999999999
2019-04-08,0.575475
2019-04-09,0.489693
2019-04-10,0.502221
2019-04-11,0.6212949999999999
2019-04-12,0.6039879999999999
2019-04-13,0.7100818181818181
2019-04-14,0.5895846153846154
2019-04-15,0.537252
2019-04-16,0.442441
2019-04-17,0.463321
2019-04-18,0.6279309999999999
2019-04-19,0.7440048192771084
2019-04-20,0.8098262295081967
2019-04-21,0.552652380952381
2019-04-22,0.6857850000000001
2019-04-23,0.690645
2019-04-24,0.6701379999999999
2019-04-25,0.662302
2019-04-26,0.6516409999999999
2019-04-27,0.6694142857142856
2019-04-28,0.664952
2019-04-29,0.588714
2019-04-30,0.311808
2019-05-01,0.479286
2019-05-02,0.514594
2019-05-03,0.611447
2019-05-04,0.622014
2019-05-05,0.623416
2019-05-06,0.596059
2019-05-07,0.726587
2019-05-08,0.717874
2019-05-09,0.7404669999999999
2019-05-10,0.685028
2019-05-11,0.707058
2019-05-12,0.6111479999999999
2019-05-13,0.600892
2019-05-14,0.666871
2019-05-15,0.665691
2019-05-16,0.599421
2019-05-17,0.660066
2019-05-18,0.674109
2019-05-19,0.616246
2019-05-20,0.383338
2019-05-21,0.609266
2019-05-22,0.61446
2019-05-23,0.595618
2019-05-24,0.619225
2019-05-25,0.7546299999999999
2019-05-26,0.682791
2019-05-27,0.6618999999999998
2019-05-28,0.5276626262626263
2019-05-29,0.6222689999999999
2019-05-30,0.3436029999999999
2019-05-31,0.379488
2019-06-01,0.4350913793103448
2019-06-02,0.479548275862069
2019-06-03,0.2322739999999999
2019-06-04,0.4639009999999999
2019-06-05,0.442149
2019-06-06,0.4507589999999999
2019-06-07,0.455196
2019-06-08,0.5407567567567568
2019-06-09,0.5690101694915255
2019-06-10,0.4036869999999999
2019-06-11,0.3303861702127659
2019-06-12,0.3651014285714286
2019-06-13,0.3561011904761904
2019-06-14,0.2598272727272727
2019-06-15,0.3519592592592592
2019-06-16,0.2508212121212121
2019-06-17,0.260771
2019-06-18,0.3422899999999999
2019-06-19,0.346089
2019-06-20,0.3122529999999999
2019-06-21,0.2397209677419355
2019-06-22,0.225844
2019-06-23,-0.1509092783505154
2019-06-24,-0.06796
2019-06-25,-0.0138298850574712
2019-06-26,0.193395652173913
2019-06-27,0.113687
2019-06-28,0.073196
2019-06-29,-0.0175121951219512
2019-06-30,0.0423535714285714
2019-07-01,-0.0036979999999999
2019-07-02,-0.0197039999999999
2019-07-03,-0.0103379999999999
2019-07-04,0.0422618181818181
2019-07-05,0.2735659574468085
2019-07-06,0.0554068965517241
2019-07-07,-0.0846949999999999
2019-07-08,0.055219
2019-07-09,-0.0062659999999999
2019-07-10,0.049841
2019-07-11,-0.0387149999999999
2019-07-12,0.022846
2019-07-13,0.0350048780487805
2019-07-14,0.1165305555555555
2019-07-15,-0.0508744897959183
2019-07-16,0.105276
2019-07-17,0.0432642857142857
2019-07-18,0.0915587628865979
2019-07-19,0.2554259259259259
2019-07-20,0.4188181818181818
2019-07-21,0.4374555555555556
2019-07-22,0.1144402777777777
2019-07-23,0.2785194444444444
2019-07-24,0.3142471428571429
2019-07-25,0.2398475609756098
2019-07-26,0.2415144927536232
2019-07-27,0.1065241379310344
2019-07-28,0.1264950819672131
2019-07-29,0.088295
2019-07-30,0.1927499999999999
2019-07-31,0.0865659999999999
2019-08-01,0.0708089999999999
2019-08-02,-0.0140899999999999
2019-08-03,-0.0434067796610169
2019-08-04,-0.0089888888888888
2019-08-05,0.024407
2019-08-06,0.104192
2019-08-07,0.0439072164948453
2019-08-08,0.073148
2019-08-09,-0.0355419999999999
2019-08-10,0.0863472222222222
2019-08-11,-0.0868787499999999
2019-08-12,0.0091288659793814
2019-08-13,0.049282
2019-08-14,-0.0477849999999999
2019-08-15,0.1842481012658228
2019-08-16,0.1368
2019-08-17,0.2082676470588235
2019-08-18,-0.0011802816901408
2019-08-19,0.068322
2019-08-20,0.105392
2019-08-21,0.203314
2019-08-22,-0.0089259999999999
2019-08-23,-0.0098779999999999
2019-08-24,-0.1094013513513513
2019-08-25,-0.0741308641975308
2019-08-26,0.05553
2019-08-27,0.005857
2019-08-28,0.035889
2019-08-29,0.121441
2019-08-30,0.0279519999999999
2019-08-31,0.2769766666666667
2019-09-01,-0.0039088888888888
2019-09-02,0.0414954545454545
2019-09-03,0.0861939999999999
2019-09-04,0.164502
2019-09-05,0.1177469999999999
2019-09-06,0.093319
2019-09-07,0.0366065789473684
2019-09-08,-0.0844999999999999
2019-09-09,-0.0271599999999999
2019-09-10,0.1763739999999999
2019-09-11,0.115829
2019-09-12,0.0763309999999999
2019-09-13,-0.0219219999999999
2019-09-14,0.0700621621621621
2019-09-15,-0.2578249999999999
2019-09-16,-0.085071
2019-09-17,-0.055428
2019-09-18,0.028965
2019-09-19,-0.0440609999999999
2019-09-20,0.045556
2019-09-21,-0.1240474358974358
2019-09-22,-0.1661489795918367
2019-09-23,-0.03035
2019-09-24,0.012677
2019-09-25,0.005623
2019-09-26,-0.1160449999999999
2019-09-27,-0.0092830985915492
2019-09-28,-0.0908131578947368
2019-09-29,-0.2243358490566037
2019-09-30,0.1411379999999999
2019-10-01,0.131402
2019-10-02,0.0490428571428571
2019-10-03,-0.0387939999999999
2019-10-04,0.051038
2019-10-05,0.059456862745098
2019-10-06,-0.13706
2019-10-07,-0.0374519999999999
2019-10-08,-0.0806353535353535
2019-10-09,-0.0645179999999999
2019-10-10,0.081607
2019-10-11,0.083719
2019-10-12,-0.0456125
2019-10-13,-0.0148357142857142
2019-10-14,-0.0117199999999999
2019-10-15,0.026325
2019-10-16,0.041412987012987
2019-10-17,0.0169489795918367
2019-10-18,0.029325
2019-10-19,0.087276
2019-10-20,0.0342666666666666
2019-10-21,-0.0125579999999999
2019-10-22,-0.0630729999999999
2019-10-23,-0.0322629999999999
2019-10-24,-0.122215
2019-10-25,0.0043579999999999
2019-10-26,0.06035
2019-10-27,-0.058376119402985
2019-10-28,0.055816
2019-10-29,0.0642939999999999
2019-10-30,0.048054
2019-10-31,0.057614
2019-11-01,0.000652
2019-11-02,0.0927615384615384
2019-11-03,-0.0604980392156862
2019-11-04,0.001263
2019-11-05,0.038876
2019-11-06,0.003822
2019-11-07,0.040471
2019-11-08,-0.0745199999999999
2019-11-09,0.1278999999999999
2019-11-10,0.2523652173913043
2019-11-11,0.020973
2019-11-12,0.037382
2019-11-13,0.052982
2019-11-14,0.067963
2019-11-15,0.092058
2019-11-16,0.1110135593220338
2019-11-17,0.0681744680851063
2019-11-18,0.0369629999999999
2019-11-19,-0.029114
2019-11-20,0.105359
2019-11-21,-0.021044
2019-11-22,0.001674
2019-11-23,0.1682
2019-11-24,-0.0740492063492063
2019-11-25,0.08435
2019-11-26,0.0318727272727272
2019-11-27,0.1672666666666666
2019-11-28,0.2349229166666666
2019-11-29,0.2531634615384615
2019-11-30,0.141130303030303
2019-12-01,0.027082
2019-12-02,0.1654482758620689
2019-12-03,0.1621471428571428
2019-12-04,0.2264482758620689
2019-12-05,0.1624759493670886
2019-12-06,0.11749
2019-12-07,0.2152416666666667
2019-12-08,0.1267232558139534
2019-12-09,0.1181211111111111
2019-12-10,0.128988
2019-12-11,0.1776298850574712
2019-12-12,0.1719049999999999
2019-12-13,0.1909551020408163
2019-12-14,0.216975
2019-12-15,0.1591782608695652
2019-12-16,0.1836959999999999
2019-12-17,0.12326
2019-12-18,0.1738489999999999
2019-12-19,0.1925955056179775
2019-12-20,0.1611420454545454
2019-12-21,0.1689301886792452
2019-12-22,0.2784318181818181
2019-12-23,0.205777
2019-12-24,0.1961298507462686
2019-12-25,0.2662
2019-12-26,0.2000520833333333
2019-12-27,0.1670109999999999
2019-12-28,0.0585520833333333
2019-12-29,0.2660387096774193
2019-12-30,0.139285
2019-12-31,0.188961
2020-01-01,0.1545673913043478
2020-01-02,0.177838
2020-01-03,0.122016
2020-01-04,0.1741419354838709
2020-01-05,0.1641042553191489
2020-01-06,0.0548219999999999
2020-01-07,0.1545929292929293
2020-01-08,0.066489
2020-01-09,0.178724
2020-01-10,0.2030849999999999
2020-01-11,0.2080375
2020-01-12,0.2138236363636363
2020-01-13,0.160343
2020-01-14,0.1714089999999999
2020-01-15,0.1794559999999999
2020-01-16,0.222044
2020-01-17,0.108855
2020-01-18,0.2052545454545454
2020-01-19,0.1907351851851851
2020-01-20,0.1905491525423729
2020-01-21,0.1792705882352941
2020-01-22,0.115118
2020-01-23,0.16372
2020-01-24,0.14048
2020-01-25,0.1138555555555555
2020-01-26,0.0979999999999999
2020-01-27,0.1512389999999999
2020-01-28,0.250307
2020-01-29,0.239029
2020-01-30,0.1268
2020-01-31,0.1079889999999999
2020-02-01,0.1029732394366197
2020-02-02,0.125705
2020-02-03,0.127432
2020-02-04,0.1729666666666666
2020-02-05,0.163165306122449
2020-02-06,0.151113
2020-02-07,0.2108322916666667
2020-02-08,0.2602276923076923
2020-02-09,0.1315977777777777
2020-02-10,0.059011
2020-02-11,0.194694
2020-02-12,0.168043
2020-02-13,0.08997
2020-02-14,0.090547
2020-02-15,0.1006916666666666
2020-02-16,0.2658571428571429
2020-02-17,0.0454749999999999
2020-02-18,0.0392779999999999
2020-02-19,0.152958
2020-02-20,0.0674
2020-02-21,0.085854
2020-02-22,0.2024155172413793
2020-02-23,0.1934477272727272
2020-02-24,0.1046789999999999
2020-02-25,0.071528
2020-02-26,0.132106
2020-02-27,0.1435789999999999
2020-02-28,0.1591459999999999
2020-02-29,0.1847596491228069
2020-03-01,0.1293836363636363
2020-03-02,0.129797
2020-03-03,0.2614559999999999
2020-03-04,0.0999879518072289
2020-03-05,0.171044
2020-03-06,0.0814989583333333
2020-03-07,0.2054190476190476
2020-03-08,0.1103261538461538
2020-03-09,0.1063666666666666
2020-03-10,0.117963
2020-03-11,0.0619863636363636
2020-03-12,0.135738
2020-03-13,0.1319469999999999
2020-03-14,0.0883875
2020-03-15,0.2030957142857142
2020-03-16,-0.0376999999999999
2020-03-17,0.1015959999999999
2020-03-18,0.1483249999999999
2020-03-19,0.131916
2020-03-20,0.1843164556962025
2020-03-21,0.1467549019607842
2020-03-22,0.1418263157894737
2020-03-23,0.053618
2020-03-24,0.168995
2020-03-25,0.183929
2020-03-26,0.127858
2020-03-27,0.1321089743589743
2020-03-28,0.0953333333333333
2020-03-29,0.1861630434782608
2020-03-30,0.0884407894736842
2020-03-31,0.2269445945945946
2020-04-01,0.0678236842105263
2020-04-02,0.2136764705882352
2020-04-03,0.1546576086956521
2020-04-04,0.0990480769230769
2020-04-05,0.2942161290322581
2020-04-06,0.138697
2020-04-07,0.0798930232558139
2020-04-08,0.088016304347826
2020-04-09,0.1763282051282051
2020-04-10,0.1089716666666666
2020-04-11,0.0552363636363636
2020-04-12,0.066584
2020-04-13,0.0733429999999999
2020-04-14,0.057542
2020-04-15,0.02465
2020-04-16,0.1044209999999999
2020-04-17,0.12727
2020-04-18,0.2874423728813559
2020-04-19,0.1507464285714286
2020-04-20,0.0315009999999999
2020-04-21,0.052682
2020-04-22,0.047025
2020-04-23,0.120569
2020-04-24,0.1582469999999999
2020-04-25,0.2251965517241379
2020-04-26,0.1716617021276595
2020-04-27,0.134964
2020-04-28,0.156465625
2020-04-29,0.1695043478260869
2020-04-30,0.100526
2020-05-01,0.117479
2020-05-02,0.1893646153846153
2020-05-03,0.1407
2020-05-04,0.06848
2020-05-05,0.181501
2020-05-06,0.0841649999999999
2020-05-07,0.132179
2020-05-08,0.153773
2020-05-09,0.157674
2020-05-10,0.1393133333333333
2020-05-11,0.118845
2020-05-12,0.189323
2020-05-13,0.13248
2020-05-14,0.0567189999999999
2020-05-15,0.141734
2020-05-16,0.1500157894736842
2020-05-17,0.1664372881355932
2020-05-18,0.055753
2020-05-19,0.229756
2020-05-20,0.1821739999999999
2020-05-21,0.25188625
2020-05-22,0.2139574999999999
2020-05-23,0.1372239130434782
2020-05-24,0.25285
2020-05-25,0.3572815789473685
2020-05-26,0.13781
2020-05-27,0.302496
2020-05-28,0.260491
2020-05-29,0.2865897058823529
2020-05-30,0.2571380952380953
2020-05-31,0.3481592592592592
2020-06-01,0.152243
2020-06-02,0.183867
2020-06-03,0.223944
2020-06-04,0.269021
2020-06-05,0.241468
2020-06-06,0.1391076923076923
2020-06-07,0.1296999999999999
2020-06-08,0.240397
2020-06-09,0.1598859999999999
2020-06-10,0.2193569999999999
2020-06-11,0.1945474747474747
2020-06-12,0.150959
2020-06-13,0.1161973684210526
2020-06-14,-0.050886
2020-06-15,0.119494
2020-06-16,0.165725
2020-06-17,0.1546529999999999
2020-06-18,0.130534
2020-06-19,0.104163
2020-06-20,-0.005941
2020-06-21,0.0206189999999999
2020-06-22,0.1784519999999999
2020-06-23,0.1122659999999999
2020-06-24,0.130218
2020-06-25,0.142225
2020-06-26,0.1573209999999999
2020-06-27,0.020445
2020-06-28,0.014552
2020-06-29,0.230567
2020-06-30,0.215082
2020-07-01,0.147973
2020-07-02,0.3560234567901234
2020-07-03,0.150493
2020-07-04,0.0639413793103448
2020-07-05,0.1885878048780487
2020-07-06,0.1709169999999999
2020-07-07,0.073267
2020-07-08,0.121081
2020-07-09,0.1224769999999999
2020-07-10,0.2199481481481481
2020-07-11,0.118416
2020-07-12,0.000672
2020-07-13,0.108659
2020-07-14,0.1982509999999999
2020-07-15,0.210723
2020-07-16,0.262283
2020-07-17,0.383314
2020-07-18,0.1050080808080808
2020-07-19,0.059281
2020-07-20,0.2349209999999999
2020-07-21,0.198956
2020-07-22,0.207177
2020-07-23,0.198218
2020-07-24,0.295244
2020-07-25,0.2075662337662337
2020-07-26,0.1578177419354839
2020-07-27,0.296342
2020-07-28,0.270351
2020-07-29,0.203757
2020-07-30,0.19869
2020-07-31,0.221114
2020-08-01,0.22013
2020-08-02,0.284519
2020-08-03,0.399196
2020-08-04,0.339855
2020-08-05,0.157066
2020-08-06,0.124785
2020-08-07,0.28951
2020-08-08,0.2886929824561404
2020-08-09,0.1425327586206896
2020-08-10,0.156164
2020-08-11,0.22038
2020-08-12,0.2891209999999999
2020-08-13,0.134786
2020-08-14,0.1923489999999999
2020-08-15,0.3455249999999999
2020-08-16,0.242184
2020-08-17,0.193093
2020-08-18,0.305802
2020-08-19,0.270534
2020-08-20,0.202808
2020-08-21,0.22203
2020-08-22,0.531846
2020-08-23,0.316633
2020-08-24,0.188151
2020-08-25,0.217837
2020-08-26,0.2705909999999999
2020-08-27,0.277599
2020-08-28,0.1939029999999999
2020-08-29,0.2656916666666666
2020-08-30,0.148119
2020-08-31,0.2485089999999999
2020-09-01,0.2393739999999999
2020-09-02,0.196457
2020-09-03,0.085659
2020-09-04,0.1147259999999999
2020-09-05,0.1265352272727272
2020-09-06,0.0703054054054053
2020-09-07,0.2246197183098591
2020-09-08,0.159853
2020-09-09,0.3199279999999999
2020-09-10,0.1398609999999999
2020-09-11,0.271229
2020-09-12,0.1430414285714285
2020-09-13,0.2550314285714286
2020-09-14,0.176572
2020-09-15,0.127267
2020-09-16,0.206126
2020-09-17,0.1391039999999999
2020-09-18,0.1334459999999999
2020-09-19,0.363794
2020-09-20,0.2655857142857142
2020-09-21,0.3790860000000001
2020-09-22,0.158667
2020-09-23,0.23529
2020-09-24,0.189167
2020-09-25,0.115374
2020-09-26,0.1584014705882352
2020-09-27,0.2420723404255319
2020-09-28,0.146883
2020-09-29,0.25831
2020-09-30,0.2156359999999999
2020-10-01,0.106078
2020-10-02,0.127054
2020-10-03,0.219346835443038
2020-10-04,0.2036122807017543
2020-10-05,0.1688519999999999
2020-10-06,0.0815959999999999
2020-10-07,0.257005
2020-10-08,0.168719
2020-10-09,0.172473
2020-10-10,0.227401
2020-10-11,0.3615869999999999
2020-10-12,0.275588
2020-10-13,0.245064
2020-10-14,0.1431787878787878
2020-10-15,0.198283
2020-10-16,0.1870849999999999
2020-10-17,0.2253843373493976
2020-10-18,0.352725
2020-10-19,0.176792
2020-10-20,0.3301449999999999
2020-10-21,0.346418
2020-10-22,0.2162889999999999
2020-10-23,0.184662
2020-10-24,0.218748
2020-10-25,0.1487111111111111
2020-10-26,0.088965
2020-10-27,0.1700539999999999
2020-10-28,0.083336
2020-10-29,0.136287
2020-10-30,0.0458699999999999
2020-10-31,0.1550771428571429
2020-11-01,0.198464
2020-11-02,0.139614
2020-11-03,0.044138
2020-11-04,0.092409
2020-11-05,0.182601
2020-11-06,0.135922
2020-11-07,0.1962014705882352
2020-11-08,0.2101116666666667
2020-11-09,0.151937
2020-11-10,0.087974
2020-11-11,0.090051
2020-11-12,0.1254269999999999
2020-11-13,0.104347
2020-11-14,0.2537172413793103
2020-11-15,0.2007214285714285
2020-11-16,0.10811
2020-11-17,0.156343
2020-11-18,0.14896
2020-11-19,0.0798109999999999
2020-11-20,0.138883
2020-11-21,0.1324315789473684
2020-11-22,0.145691304347826
2020-11-23,0.053522
2020-11-24,0.214778
2020-11-25,0.1750509999999999
2020-11-26,0.2650111111111111
2020-11-27,0.110509375
2020-11-28,0.1914696428571428
2020-11-29,0.184002
2020-11-30,0.191847
2020-12-01,0.2118989999999999
2020-12-02,0.233143
2020-12-03,0.1851069999999999
2020-12-04,0.234544
2020-12-05,0.1974738461538461
2020-12-06,0.2757116666666667
2020-12-07,0.6238400000000001
2020-12-08,0.2716869999999999
2020-12-09,0.1035899999999999
2020-12-10,0.2338
2020-12-11,0.207239
2020-12-12,0.3564467741935484
2020-12-13,0.3519043478260869
2020-12-14,0.2879907216494845
2020-12-15,0.254239
2020-12-16,-0.243184
2020-12-17,0.416755
2020-12-18,0.266385
2020-12-19,0.3825235294117647
2020-12-20,0.3942944444444445
2020-12-21,0.165299
2020-12-22,0.2239029999999999
2020-12-23,0.216036
2020-12-24,0.3788
2020-12-25,0.3836634615384616
2020-12-26,0.2049472222222222
2020-12-27,0.3641051724137931
2020-12-28,0.133446
2020-12-29,0.206411
2020-12-30,0.244227
2020-12-31,0.2476329999999999
2021-01-01,0.427950847457627
2021-01-02,0.3795127272727273
2021-01-03,0.4106950000000001
2021-01-04,0.1213569999999999
2021-01-05,0.156377
2021-01-06,0.1256779999999999
2021-01-07,0.1864229999999999
2021-01-08,0.180313
2021-01-09,0.2867060606060606
2021-01-10,0.2034480519480519
2021-01-11,0.122943
2021-01-12,0.092018
2021-01-13,0.15063
2021-01-14,0.173411
2021-01-15,0.138938
2021-01-16,0.2407125
2021-01-17,0.3010087719298245
2021-01-18,0.3729939393939394
2021-01-19,0.0979609999999999
2021-01-20,0.123141
2021-01-21,0.124791
2021-01-22,0.141815
2021-01-23,0.365905
2021-01-24,0.2428421875
2021-01-25,0.0943779999999999
2021-01-26,0.143422
2021-01-27,0.115036
2021-01-28,0.0586839999999999
2021-01-29,0.172337
2021-01-30,0.2434287671232876
2021-01-31,0.1963027397260274
2021-02-01,0.1998209999999999
2021-02-02,0.1839169811320755
2021-02-03,0.073328
2021-02-04,0.0216195121951219
2021-02-05,0.148322
2021-02-06,0.459379012345679
2021-02-07,0.2605470588235294
2021-02-08,0.064764
2021-02-09,0.0461090909090909
2021-02-10,0.131387
2021-02-11,0.125487
2021-02-12,0.108067
2021-02-13,0.18097
2021-02-14,0.7845
2021-02-15,0.0771145454545454
2021-02-16,0.0462069999999999
2021-02-17,0.0856421052631579
2021-02-18,0.043583
2021-02-19,0.0873809999999999
2021-02-20,0.198875
2021-02-21,0.088390909090909
2021-02-22,0.035575
2021-02-23,0.112804
2021-02-24,0.159489
2021-02-25,0.0184629999999999
2021-02-26,0.154216
2021-02-27,0.532165
2021-02-28,0.1411
2021-03-01,0.126654
2021-03-02,0.097476
2021-03-03,0.081758
2021-03-04,0.1445169999999999
2021-03-05,0.223739
2021-03-06,0.1806628571428571
2021-03-07,0.177915
2021-03-08,0.11967
2021-03-09,0.134518
2021-03-10,0.199778
2021-03-11,0.151863
2021-03-12,0.143285
2021-03-13,0.2383575757575757
2021-03-14,0.1684947368421052
2021-03-15,0.140311
2021-03-16,0.2205636363636363
2021-03-17,0.186727
2021-03-18,0.238421
2021-03-19,0.171837
2021-03-20,0.0806266666666666
2021-03-21,0.1302
2021-03-22,0.097857
2021-03-23,0.1102259999999999
2021-03-24,0.2274099999999999
2021-03-25,0.1518787878787878
2021-03-26,0.1445606382978723
2021-03-27,0.2296037037037037
2021-03-28,0.0728652173913043
2021-03-29,0.1881103448275862
2021-03-30,0.192342
2021-03-31,0.270987
2021-04-01,0.1825569999999999
2021-04-02,0.2140022222222222
2021-04-03,0.267975
2021-04-04,0.043837037037037
2021-04-05,0.1293516129032258
2021-04-06,0.169817
2021-04-07,0.100524
2021-04-08,0.132096
2021-04-09,0.138918
2021-04-10,0.2447128205128204
2021-04-11,0.2641078947368421
2021-04-12,0.1756139999999999
2021-04-13,0.175118
2021-04-14,0.1570339999999999
2021-04-15,0.201185
2021-04-16,0.1356813333333333
2021-04-17,0.2088535714285714
2021-04-18,0.1880794117647058
2021-04-19,0.100353
2021-04-20,0.103324
2021-04-21,0.139879
2021-04-22,0.152301
2021-04-23,0.199097
2021-04-24,0.2694454545454545
2021-04-25,0.1829235294117647
2021-04-26,0.22425
2021-04-27,0.196389
2021-04-28,0.266579
2021-04-29,0.2167
2021-04-30,0.02885
2021-05-01,0.251011320754717
2021-05-02,0.2425142857142856
2021-05-03,0.07353
2021-05-04,0.1029349999999999
2021-05-05,0.2036489999999999
2021-05-06,0.1083219999999999
2021-05-07,0.153938
2021-05-08,0.0694378378378378
2021-05-09,0.2392923076923077
2021-05-10,0.130293
2021-05-11,0.16072
2021-05-12,0.160965
2021-05-13,0.100784
2021-05-14,0.218447619047619
2021-05-15,0.11959375
2021-05-16,0.154535294117647
2021-05-17,0.12626625
2021-05-18,0.174546
2021-05-19,0.4561119999999999
2021-05-20,0.2569294117647059
2021-05-21,0.247661
2021-05-22,0.0101777777777777
2021-05-23,0.16128
2021-05-24,0.156829
2021-05-25,0.1749144578313253
2021-05-26,0.2165789999999999
2021-05-27,0.0895103448275862
2021-05-28,0.139854
2021-05-29,0.1827192307692308
2021-05-30,0.2143941176470588
2021-05-31,0.1688857142857142
2021-06-01,0.135229213483146
2021-06-02,0.1709989130434782
2021-06-03,0.113324
2021-06-04,0.0847542553191489
2021-06-05,0.1239551724137931
2021-06-06,0.1548130434782609
2021-06-07,0.220895
2021-06-08,0.072475
2021-06-09,0.2361051546391752
2021-06-10,0.1850828125
2021-06-11,0.2077910714285714
2021-06-12,0.22198
2021-06-13,0.203816129032258
2021-06-14,0.1430532608695652
2021-06-15,0.2025518072289156
2021-06-16,0.155319
2021-06-17,0.19962
2021-06-18,0.1495261538461538
2021-06-19,0.2115782608695652
2021-06-20,-0.0020177777777777
2021-06-21,0.136426
2021-06-22,0.2107483516483516
2021-06-23,0.213158
2021-06-24,0.219409
2021-06-25,0.2116637362637362
2021-06-26,0.0783769230769231
2021-06-27,0.0217463414634146
2021-06-28,0.184172
2021-06-29,0.1972831578947368
2021-06-30,0.2474055555555555
2021-07-01,0.2591072289156627
2021-07-02,0.2362824175824176
2021-07-03,0.21386
2021-07-04,0.31135
2021-07-05,0.356411111111111
2021-07-06,0.160909
2021-07-07,0.176743
2021-07-08,0.223982
2021-07-09,0.185379
2021-07-10,0.1317121212121212
2021-07-11,0.1730925925925925
2021-07-12,0.2018026315789473
2021-07-13,0.1718629213483146
2021-07-14,0.1891119999999999
2021-07-15,0.159546
2021-07-16,0.293714
2021-07-17,0.1933375
2021-07-18,0.2075125
2021-07-19,0.191783
2021-07-20,0.2238663157894736
2021-07-21,0.1751559322033898
2021-07-22,0.2582166666666667
2021-07-23,0.2358591397849462
2021-07-24,0.2129054054054054
2021-07-25,0.1534044444444444
2021-07-26,0.1734663157894736
2021-07-27,0.0553709999999999
2021-07-28,0.1668819999999999
2021-07-29,0.1572585106382978
2021-07-30,0.1790710843373493
2021-07-31,0.2368312499999999
2021-08-01,0.1361848484848484
2021-08-02,0.2063283582089552
2021-08-03,0.2039437499999999
2021-08-04,0.2320876923076923
2021-08-05,0.2643258620689655
2021-08-06,0.101892
2021-08-07,0.2042875
2021-08-08,0.2965933333333333
2021-08-09,0.2348666666666667
2021-08-10,0.20038
2021-08-11,0.0831115384615384
2021-08-12,0.0865987499999999
2021-08-13,0.210875
2021-08-14,0.2366729729729729
2021-08-15,0.352785294117647
2021-08-16,0.237771
2021-08-17,0.2445880434782608
2021-08-18,0.14680375
2021-08-19,0.0934373134328358
2021-08-20,0.2026130434782608
2021-08-21,0.1327423076923077
2021-08-22,0.1548838709677419
2021-08-23,0.2818090909090908
2021-08-24,0.2888377777777778
2021-08-25,0.1974825
2021-08-26,0.2937845070422534
2021-08-27,0.2353528735632184
2021-08-28,0.2959871794871795
2021-08-29,0.1221636363636363
2021-08-30,0.198152
2021-08-31,0.336039
2021-09-01,0.1924428571428571
2021-09-02,0.251918
2021-09-03,0.2700905405405405
2021-09-04,0.2536758620689655
2021-09-05,0.205975
2021-09-06,0.2489928571428571
2021-09-07,0.1932239999999999
2021-09-08,0.302863
2021-09-09,0.177756
2021-09-10,0.0899739999999999
2021-09-11,0.0894884615384615
2021-09-12,0.1178244444444444
2021-09-13,0.21988
2021-09-14,0.152957
2021-09-15,0.080678
2021-09-16,0.2360705882352941
2021-09-17,0.1968197530864197
2021-09-18,0.2369767441860465
2021-09-19,0.2890666666666667
2021-09-20,0.107949
2021-09-21,0.2375941176470588
2021-09-22,0.1860950819672131
2021-09-23,0.2001317647058823
2021-09-24,0.2078903225806451
2021-09-25,0.180815
2021-09-26,0.316859375
2021-09-27,0.1642685393258426
2021-09-28,0.2527955882352941
2021-09-29,0.153849
2021-09-30,0.1958153846153846
2021-10-01,0.1760234693877551
2021-10-02,0.0508348484848484
2021-10-03,0.0234874999999999
2021-10-04,0.1182729999999999
2021-10-05,0.1485073684210526
2021-10-06,0.1135850746268656
2021-10-07,0.1401109589041095
2021-10-08,0.2562808510638298
2021-10-09,0.2193099999999999
2021-10-10,0.2497599999999999
2021-10-11,0.17395
2021-10-12,0.193803125
2021-10-13,0.057658064516129
2021-10-14,0.1554092307692308
2021-10-15,0.3090618181818182
2021-10-16,0.1206722222222222
2021-10-17,0.2443954545454546
2021-10-18,0.251051
2021-10-19,0.258332
2021-10-20,0.2223169811320754
2021-10-21,0.0505396551724137
2021-10-22,0.1983328571428571
2021-10-23,0.1619
2021-10-24,0.2767548387096774
2021-10-25,0.2046728395061728
2021-10-26,0.1820229729729729
2021-10-27,0.2286412698412698
2021-10-28,0.086706
2021-10-29,0.124703
2021-10-30,0.1506752808988764
2021-10-31,0.2080037037037037
2021-11-01,0.2772988235294117
2021-11-02,0.1619379746835443
2021-11-03,0.2060799999999999
2021-11-04,0.057044
2021-11-05,0.1855964912280701
2021-11-06,0.1835066666666667
2021-11-07,0.1445681818181818
2021-11-08,0.1933826666666666
2021-11-09,0.4015318181818182
2021-11-10,0.1929280701754386
2021-11-11,0.2312796296296296
2021-11-12,0.3437047619047619
2021-11-13,0.1432875
2021-11-14,0.2060629032258064
2021-11-15,0.1728611940298507
2021-11-16,0.2288619718309859
2021-11-17,0.23556
2021-11-18,0.143749
2021-11-19,0.1862069999999999
2021-11-20,0.1519708333333333
2021-11-21,0.1972977777777777
2021-11-22,0.1489779999999999
2021-11-23,0.1826011235955056
2021-11-24,0.2713666666666666
2021-11-25,0.2674179487179487
2021-11-26,0.0854395833333333
2021-11-27,0.2655024390243902
2021-11-28,0.2390695652173913
2021-11-29,0.1958142857142857
2021-11-30,0.145255
2021-12-01,0.133658
2021-12-02,0.1114089999999999
2021-12-03,0.2284453608247422
2021-12-04,0.1137591836734693
2021-12-05,0.1924081081081081
2021-12-06,0.306129
2021-12-07,0.2423199999999999
2021-12-08,0.2089379999999999
2021-12-09,0.260749
2021-12-10,0.225548
2021-12-11,0.1918022471910112
2021-12-12,0.2037788461538461
2021-12-13,0.2637549999999999
2021-12-14,0.249558
2021-12-15,0.2320729999999999
2021-12-16,0.257422
2021-12-17,0.256024
2021-12-18,0.1011288461538461
2021-12-19,0.1101212121212121
2021-12-20,0.334494
2021-12-21,0.2187298850574713
2021-12-22,0.233717
2021-12-23,0.229026
2021-12-24,0.2102756097560975
2021-12-25,0.1048458333333333
2021-12-26,0.2480318181818182
2021-12-27,0.3345049999999999
2021-12-28,0.2379949999999999
2021-12-29,0.31866
2021-12-30,0.2094462365591397
2021-12-31,0.2685317647058823
2022-01-01,0.1321418604651162
2022-01-02,0.1080029411764705
2022-01-03,0.236344
2022-01-04,0.205546
2022-01-05,0.2586572916666667
2022-01-06,0.1924872093023255
2022-01-07,0.2842183673469387
2022-01-08,0.1685953488372093
2022-01-09,0.141225641025641
2022-01-10,0.295855
2022-01-11,0.2248383720930232
2022-01-12,0.1996461538461538
2022-01-13,0.2239304347826087
2022-01-14,0.2304421052631579
2022-01-15,0.2381066666666666
2022-01-16,0.2561333333333333
2022-01-17,0.233374358974359
2022-01-18,0.1688593023255814
2022-01-19,0.1984178082191781
2022-01-20,0.131332
2022-01-21,0.08236
2022-01-22,0.0896697674418604
2022-01-23,0.0512052631578947
2022-01-24,0.118236
2022-01-25,0.132637
2022-01-26,0.2384729999999999
2022-01-27,0.18472
2022-01-28,0.161011
2022-01-29,0.1070914285714285
2022-01-30,0.1884464285714286
2022-01-31,0.243452
2022-02-01,0.086412
2022-02-02,0.198595
2022-02-03,0.138379
2022-02-04,0.2322133333333333
2022-02-05,0.1080702702702702
2022-02-06,0.1606756097560975
2022-02-07,0.1956447058823529
2022-02-08,0.194349
2022-02-09,0.2844879999999999
2022-02-10,0.2499093023255813
2022-02-11,0.1613818181818181
2022-02-12,0.028615625
2022-02-13,0.2220722222222222
2022-02-14,0.153653947368421
2022-02-15,0.1314873684210526
2022-02-16,0.139989898989899
2022-02-17,0.2980757575757576
2022-02-18,0.2601597701149425
2022-02-19,0.1102948717948718
2022-02-20,0.096772
2022-02-21,0.2753729166666667
2022-02-22,0.1831024691358025
2022-02-23,0.20337
2022-02-24,0.144734693877551
2022-02-25,0.2159281690140845
2022-02-26,0.1657916666666667
2022-02-27,0.2445382352941176
2022-02-28,0.1576783333333333
2022-03-01,0.1415182926829268
2022-03-02,0.1354588235294117
2022-03-03,0.2423186666666666
2022-03-04,0.2065057692307692
2022-03-05,0.1676458333333333
2022-03-06,0.3509347826086956
2022-03-07,0.1134551282051282
2022-03-08,0.127053
2022-03-09,0.224989
2022-03-10,0.195936
2022-03-11,0.2523776470588235
2022-03-12,0.121760975609756
2022-03-13,0.0894355555555555
2022-03-14,0.0724494949494949
2022-03-15,0.212237
2022-03-16,0.2665454545454546
2022-03-17,0.248289705882353
2022-03-18,0.1898569444444444
2022-03-19,0.2323714285714286
2022-03-20,0.1539366666666666
2022-03-21,0.2319222222222222
2022-03-22,0.2577032258064516
2022-03-23,0.233893
2022-03-24,0.270901
2022-03-25,0.2813040404040404
2022-03-26,0.1225676923076923
2022-03-27,0.1160628571428571
2022-03-28,0.189374
2022-03-29,0.324791
2022-03-30,0.176968
2022-03-31,0.2039641304347826
2022-04-01,0.0851929999999999
2022-04-02,0.1945148148148147
2022-04-03,0.2886642857142857
2022-04-04,0.2925149999999999
2022-04-05,0.1703743902439024
2022-04-06,0.158609
2022-04-07,0.1822430769230769
2022-04-08,0.27275
2022-04-09,0.1671407407407407
2022-04-10,0.275825
2022-04-11,0.2480444444444444
2022-04-12,0.123095
2022-04-13,0.1396488636363636
2022-04-14,0.1325047619047619
2022-04-15,0.2883581395348837
2022-04-16,0.1248277777777777
2022-04-17,0.2334583333333333
2022-04-18,0.3220243243243244
2022-04-19,0.1402390625
2022-04-20,0.2321440476190476
2022-04-21,0.1289602272727273
2022-04-22,0.2158857142857143
2022-04-23,0.043276119402985
2022-04-24,0.1527203703703703
2022-04-25,0.135061
2022-04-26,0.161726
2022-04-27,0.223939
2022-04-28,0.089132
2022-04-29,0.2049919999999999
2022-04-30,0.0809022727272727
2022-05-01,0.275404
2022-05-02,0.197464
2022-05-03,0.0377066666666666
2022-05-04,0.298679
2022-05-05,0.151228
2022-05-06,0.140654
2022-05-07,0.2081666666666666
2022-05-08,0.3109372093023256
2022-05-09,0.1777358024691358
2022-05-10,0.1436042105263157
2022-05-11,0.10311875
2022-05-12,-0.0467444444444444
2022-05-13,0.062447
2022-05-14,0.1859926829268292
2022-05-15,0.2255553191489361
2022-05-16,0.1250222222222222
2022-05-17,0.2085811111111111
2022-05-18,0.1190889999999999
2022-05-19,0.202173
2022-05-20,0.1239749999999999
2022-05-21,0.2020360655737705
2022-05-22,0.221488679245283
2022-05-23,0.227513
2022-05-24,0.273033
2022-05-25,0.1808585365853658
2022-05-26,0.184495294117647
2022-05-27,0.2342554347826086
2022-05-28,0.2863394736842106
2022-05-29,0.3002342857142857
2022-05-30,0.285685
2022-05-31,0.3574619999999999
2022-06-01,0.3205828571428571
2022-06-02,0.1285443037974683
2022-06-03,0.130409
2022-06-04,0.2642488372093023
2022-06-05,0.12173125
2022-06-06,0.155127
2022-06-07,0.179534
2022-06-08,0.2886333333333333
2022-06-09,0.2347730337078651
2022-06-10,0.2353784090909091
2022-06-11,0.1132625
2022-06-12,-0.0354294117647058
2022-06-13,0.1978494623655914
2022-06-14,0.1189594594594594
2022-06-15,0.2232698630136986
2022-06-16,0.06743625
2022-06-17,0.2170767123287671
2022-06-18,0.1540709677419355
2022-06-19,0.129803125
2022-06-20,0.1421354838709677
2022-06-21,0.2019851351351351
2022-06-22,0.1858657534246575
2022-06-23,0.20206
2022-06-24,0.2716472972972973
2022-06-25,0.2794916666666666
2022-06-26,0.0698611111111111
2022-06-27,0.1990756097560975
2022-06-28,0.2258048780487805
2022-06-29,0.1687285714285714
2022-06-30,0.0721757575757575
2022-07-01,0.1433329545454545
2022-07-02,0.040005
2022-07-03,0.0760583333333333
2022-07-04,0.1642214285714285
2022-07-05,0.1824739130434782
2022-07-06,0.1567252525252525
2022-07-07,0.2009698630136986
2022-07-08,0.2374952380952381
2022-07-09,0.1864733333333333
2022-07-10,0.2065727272727272
2022-07-11,0.151582
2022-07-12,0.101131
2022-07-13,0.188481
2022-07-14,0.1787149999999999
2022-07-15,0.1737829999999999
2022-07-16,0.2443130434782608
2022-07-17,0.2965884615384616
2022-07-18,0.051644
2022-07-19,0.1434399999999999
2022-07-20,0.14479
2022-07-21,0.160101
2022-07-22,0.088524
2022-07-23,0.1465113636363636
2022-07-24,0.1069683333333333
2022-07-25,0.122862
2022-07-26,0.065262
2022-07-27,0.156625
2022-07-28,0.204515
2022-07-29,0.1792109999999999
2022-07-30,0.3108230769230768
2022-07-31,0.2720528301886792
2022-08-01,0.2114249999999999
2022-08-02,0.166535
2022-08-03,0.121253
2022-08-04,0.14136
2022-08-05,0.221123
2022-08-06,0.2109853658536585
2022-08-07,0.1824134146341463
2022-08-08,0.169907
2022-08-09,0.184975
2022-08-10,0.228857
2022-08-11,0.207533
2022-08-12,0.1887589999999999
2022-08-13,0.2582385714285715
2022-08-14,0.03559125
2022-08-15,0.176649
2022-08-16,0.28307
2022-08-17,0.202058
2022-08-18,0.184981
2022-08-19,0.087587
2022-08-20,0.2743051948051947
2022-08-21,0.2328239999999999
2022-08-22,0.175353
2022-08-23,0.22528
2022-08-24,0.153113
2022-08-25,0.15076
2022-08-26,0.191396
2022-08-27,0.2251262295081967
2022-08-28,0.2079650602409639
2022-08-29,0.198342
2022-08-30,0.179605
2022-08-31,0.1004579999999999
2022-09-01,0.146496
2022-09-02,0.258666
2022-09-03,0.2127989999999999
2022-09-04,-0.0278363636363636
2022-09-05,0.1944071428571428
2022-09-06,0.176829
2022-09-07,0.1816929999999999
2022-09-08,0.148311
2022-09-09,0.245403
2022-09-10,0.2774666666666667
2022-09-11,0.0756318181818181
2022-09-12,0.253655
2022-09-13,0.1796229999999999
2022-09-14,0.148038
2022-09-15,0.092582
2022-09-16,0.181302
2022-09-17,0.1311541666666666
2022-09-18,0.0747195652173913
2022-09-19,0.225408
2022-09-20,0.092335
2022-09-21,0.2228109999999999
2022-09-22,0.2823695652173913
2022-09-23,0.081015
2022-09-24,0.1910931034482758
2022-09-25,0.254675
2022-09-26,0.194456
2022-09-27,0.1210389999999999
2022-09-28,0.077424
2022-09-29,0.127424
2022-09-30,0.0405399999999999
2022-10-01,0.1119844827586206
2022-10-02,0.2230491803278688
2022-10-03,0.1537369999999999
2022-10-04,0.2135066666666666
2022-10-05,0.135256
2022-10-06,0.1444029999999999
2022-10-07,0.182646
2022-10-08,-0.0148818181818181
2022-10-09,0.20357
2022-10-10,0.104614
2022-10-11,0.1374989999999999
2022-10-12,0.195894
2022-10-13,0.080648
2022-10-14,0.153418
2022-10-15,0.24169375
2022-10-16,0.1912704545454545
2022-10-17,0.284768
2022-10-18,0.1450232323232323
2022-10-19,0.2930189655172414
2022-10-20,0.24165
2022-10-21,0.206824
2022-10-22,0.1906910714285714
2022-10-23,0.1350142857142857
2022-10-24,0.23067
2022-10-25,0.2676269999999999
2022-10-26,0.0810416666666666
2022-10-27,0.153323
2022-10-28,0.300215
2022-10-29,0.086098
2022-10-30,0.0899659090909091
2022-10-31,0.171656
2022-11-01,0.190948
2022-11-02,0.2509592592592592
2022-11-03,-0.026347619047619
2022-11-04,0.0923669999999999
2022-11-05,0.2936999999999999
2022-11-06,0.1336333333333333
2022-11-07,0.1542947368421053
2022-11-08,0.1309583333333333
2022-11-09,0.105791
2022-11-10,0.1949729999999999
2022-11-11,0.273811
2022-11-12,0.2082428571428571
2022-11-13,0.2536666666666666
2022-11-14,0.1524586206896551
2022-11-15,0.153752688172043
2022-11-16,0.162388
2022-11-17,0.2147599999999999
2022-11-18,0.19827
2022-11-19,0.1098523809523809
2022-11-20,0.2044264705882353
2022-11-21,0.1724139999999999
2022-11-22,0.133141
2022-11-23,0.0847149999999999
2022-11-24,0.2064530612244897
2022-11-25,0.180723
2022-11-26,0.1637488372093023
2022-11-27,0.0094368421052631
2022-11-28,-0.02319
2022-11-29,0.083853
2022-11-30,0.136913
2022-12-01,0.156133
2022-12-02,0.2106229999999999
2022-12-03,0.011431
2022-12-04,0.0819942857142857
2022-12-05,0.191973
2022-12-06,0.1050429999999999
2022-12-07,0.077163
2022-12-08,0.208086
2022-12-09,0.2032177777777777
2022-12-10,0.0912266666666666
2022-12-11,0.1129447368421052
2022-12-12,0.136391
2022-12-13,0.180961
2022-12-14,0.195591
2022-12-15,0.075811
2022-12-16,0.083399
2022-12-17,0.1794413043478261
2022-12-18,0.0628641509433962
2022-12-19,0.056571
2022-12-20,0.1656309999999999
2022-12-21,0.129694
2022-12-22,0.200421
2022-12-23,0.0913079999999999
2022-12-24,0.1439163265306122
2022-12-25,0.0
2022-12-26,0.1775478260869565
2022-12-27,0.1337709999999999
2022-12-28,0.0938539999999999
2022-12-29,0.181938
2022-12-30,0.063436
2022-12-31,0.0622030769230769
2023-01-01,0.0517709677419354
2023-01-02,0.253619
2023-01-03,0.03474
2023-01-04,0.1869729999999999
2023-01-05,0.102
2023-01-06,0.140007
2023-01-07,0.016804
2023-01-08,0.0707589999999999
2023-01-09,0.174839
2023-01-10,0.1379411764705882
2023-01-11,0.093324
2023-01-12,0.122641
2023-01-13,0.113468
2023-01-14,0.100236
2023-01-15,0.1392058823529411
2023-01-16,0.0738590909090909
2023-01-17,0.2005622448979591
2023-01-18,0.227055
2023-01-19,0.208602
2023-01-20,0.215214
2023-01-21,0.1659
2023-01-22,0.215190625
2023-01-23,0.186574
2023-01-24,0.220362
2023-01-25,0.2267169999999999
2023-01-26,0.1859402597402597
2023-01-27,0.126932
2023-01-28,0.1463388888888889
2023-01-29,0.2193788461538462
2023-01-30,0.133755
2023-01-31,0.1205799999999999
2023-02-01,0.2942305555555555
2023-02-02,0.017421
2023-02-03,0.2388029999999999
2023-02-04,0.20501
2023-02-05,0.1322875
2023-02-06,0.174493
2023-02-07,0.131008
2023-02-08,0.2121114942528735
2023-02-09,0.1447427083333333
2023-02-10,0.240568
2023-02-11,0.2224714285714286
2023-02-12,0.0408235294117647
2023-02-13,0.1442220930232558
2023-02-14,0.2013682352941176
2023-02-15,0.1533021505376343
2023-02-16,0.1668753086419753
2023-02-17,0.1943630136986301
2023-02-18,0.2763766666666666
2023-02-19,0.177975
2023-02-20,0.5263
2023-02-21,0.0
2023-02-22,0.229644
2023-02-23,0.18225
2023-02-24,0.1727551020408163
2023-02-25,0.2110388888888889
2023-02-26,0.0
2023-02-27,0.1417959999999999
2023-02-28,0.2177709677419354
2023-03-01,0.2182261363636363
2023-03-02,0.2484923076923076
2023-03-03,0.189352
2023-03-04,0.0465690476190476
2023-03-05,0.2696428571428572
2023-03-06,0.144262
2023-03-07,0.154167
2023-03-08,0.227936
2023-03-09,0.22241
2023-03-10,0.184412
2023-03-11,0.1660083333333333
2023-03-12,0.5544000000000001
2023-03-13,0.130265
2023-03-14,0.309806
2023-03-15,0.202135
2023-03-16,0.176124193548387
2023-03-17,0.5399
2023-03-18,0.0773266666666666
2023-03-19,-0.0750999999999999
2023-03-20,0.3186640000000001
2023-03-21,0.397075
2023-03-22,0.2017615384615384
2023-03-23,0.1990431034482758
2023-03-24,0.1957666666666666
2023-03-25,0.1568071428571429
2023-03-26,0.6467
2023-03-27,0.189706
2023-03-28,0.208496
2023-03-29,0.0961788732394366
2023-03-30,0.1589436170212765
2023-03-31,0.2008151515151515
2023-04-01,0.2340333333333333
2023-04-02,0.2136266666666667
2023-04-03,0.186498
2023-04-04,0.2887389999999999
2023-04-05,0.155962
2023-04-06,0.200448
2023-04-07,0.149115909090909
2023-04-08,0.0587806451612903
2023-04-09,0.1005558823529411
2023-04-10,0.1148106382978723
2023-04-11,0.133015
2023-04-12,0.1267307692307692
2023-04-13,0.1340444444444444
2023-04-14,0.2025032258064516
2023-04-15,0.1900722222222222
2023-04-16,0.0807136363636363
2023-04-17,0.161462
2023-04-18,0.190956
2023-04-19,0.1576769999999999
2023-04-20,0.081805
2023-04-21,0.168206329113924
2023-04-22,0.1645771428571428
2023-04-23,0.2369477272727272
2023-04-24,0.2099279999999999
2023-04-25,0.260757
2023-04-26,0.1904
2023-04-27,0.1360816326530612
2023-04-28,0.1832363636363636
2023-04-29,0.1620315789473684
2023-04-30,0.0516892857142857
2023-05-01,0.111661
2023-05-02,0.5994
2023-05-03,0.0877719999999999
2023-05-04,0.1843769999999999
2023-05-05,0.19869
2023-05-06,0.1644355555555555
2023-05-07,0.165019298245614
2023-05-08,0.198666
2023-05-09,0.2970921348314606
2023-05-10,0.146468
2023-05-11,0.1130112359550561
2023-05-12,0.2152329999999999
2023-05-13,0.1775272727272727
2023-05-14,0.130481081081081
2023-05-15,0.206471111111111
2023-05-16,0.0389113924050633
2023-05-17,0.177389898989899
2023-05-18,0.2174175257731959
2023-05-19,0.251314
2023-05-20,0.1714125
2023-05-21,0.1785
2023-05-22,0.281549
2023-05-23,0.13482
2023-05-24,0.2131079545454545
2023-05-25,0.201762
2023-05-26,0.1959784810126582
2023-05-27,0.106964
2023-05-28,0.2831897435897436
2023-05-29,0.1689676470588235
2023-05-30,0.285116
2023-05-31,0.139793
2023-06-01,0.190883
2023-06-02,0.173063
2023-06-03,0.2535804347826086
2023-06-04,0.2275039215686274
2023-06-05,0.129873
2023-06-06,0.2338309999999999
2023-06-07,0.243443
2023-06-08,0.249158
2023-06-09,0.152611
2023-06-10,0.2608899999999999
2023-06-11,0.1745194444444444
2023-06-12,0.267895
2023-06-13,0.167558
2023-06-14,0.2087019999999999
2023-06-15,0.251009
2023-06-16,0.1838287234042553
2023-06-17,0.3922523809523809
2023-06-18,0.300137037037037
2023-06-19,0.1464653846153846
2023-06-20,0.224140206185567
2023-06-21,0.1679508474576271
2023-06-22,0.1747214285714285
2023-06-23,0.1410432989690721
2023-06-24,0.1737526315789473
2023-06-25,0.1528103448275862
2023-06-26,0.1139977272727272
2023-06-27,0.144975641025641
2023-06-28,0.12945
2023-06-29,0.174926
2023-06-30,0.178541
2023-07-01,0.1739259259259259
2023-07-02,0.2027739130434782
2023-07-03,0.2160689999999999
2023-07-04,0.1535181818181818
2023-07-05,0.1412475609756097
2023-07-06,0.2063833333333333
2023-07-07,0.172565
2023-07-08,0.2398095238095237
2023-07-09,0.2758795454545455
2023-07-10,0.2730114942528736
2023-07-11,0.321005
2023-07-12,0.3231652631578947
2023-07-13,0.180304
2023-07-14,0.1711188405797101
2023-07-15,0.2889
2023-07-16,0.1835216216216216
2023-07-17,0.301475641025641
2023-07-18,0.168477
2023-07-19,0.1690269999999999
2023-07-20,0.1659392857142857
2023-07-21,0.2136089285714285
2023-07-22,0.16979375
2023-07-23,0.1848708333333333
2023-07-24,0.24608
2023-07-25,0.1521185714285713
2023-07-26,0.182215
2023-07-27,0.22982
2023-07-28,0.1309764705882352
2023-07-29,0.2745878048780488
2023-07-30,0.221947619047619
2023-07-31,0.206429213483146
2023-08-01,0.1981571428571428
2023-08-02,0.0413282828282828
2023-08-03,0.1381899999999999
2023-08-04,0.061068
2023-08-05,0.194820618556701
2023-08-06,0.1844491228070175
2023-08-07,0.192817
2023-08-08,0.19741
2023-08-09,0.1681569999999999
2023-08-10,0.1945
2023-08-11,0.203016
2023-08-12,0.3741692307692307
2023-08-13,0.2068152542372881
2023-08-14,0.1785493670886076
2023-08-15,0.0987626666666666
2023-08-16,0.207631884057971
2023-08-17,0.137469
2023-08-18,0.2270226666666666
2023-08-19,0.1143216216216216
2023-08-20,0.2064358490566037
2023-08-21,0.164075
2023-08-22,0.1261547945205479
2023-08-23,0.113055
2023-08-24,0.100033
2023-08-25,0.1729359999999999
2023-08-26,0.0807603448275862
2023-08-27,0.162676923076923
2023-08-28,0.098134
2023-08-29,0.098051
2023-08-30,0.188938
2023-08-31,0.226327
2023-09-01,0.1370149999999999
2023-09-02,0.1796622641509433
2023-09-03,0.1195456140350877
2023-09-04,0.1453741176470588
2023-09-05,0.1639199999999999
2023-09-06,0.093082
2023-09-07,0.0642969999999999
2023-09-08,0.104192
2023-09-09,0.1318775280898876
2023-09-10,0.0540536585365853
2023-09-11,-0.0697809523809523
2023-09-12,0.122878
2023-09-13,0.230579
2023-09-14,0.280515
2023-09-15,0.1828609999999999
2023-09-16,0.0856411764705882
2023-09-17,0.2040276595744681
2023-09-18,0.145886
2023-09-19,0.145389
2023-09-20,0.143199
2023-09-21,0.117053
2023-09-22,0.2511030000000001
2023-09-23,0.1558323529411764
2023-09-24,0.1498218181818182
2023-09-25,0.184508
2023-09-26,0.117114
2023-09-27,0.128604
2023-09-28,0.036564
2023-09-29,0.1432561797752809
2023-09-30,0.1243585365853658
2023-10-01,0.3338716981132076
2023-10-02,0.146563
2023-10-03,-0.0463727272727272
2023-10-04,0.1720816326530612
2023-10-05,0.1778758620689655
2023-10-06,0.242265
2023-10-07,0.1704884057971014
2023-10-08,0.1362363636363636
2023-10-09,0.017301
2023-10-10,0.1087379999999999
2023-10-11,0.088384
2023-10-12,0.204374
2023-10-13,0.1704072164948453
2023-10-14,0.1673533333333333
2023-10-15,0.2470666666666666
2023-10-16,0.128266
2023-10-17,0.1365204545454545
2023-10-18,0.18285
2023-10-19,0.1675899999999999
2023-10-20,0.13302
2023-10-21,0.1401883720930232
2023-10-22,0.1614222222222222
2023-10-23,0.197679
2023-10-24,0.189819
2023-10-25,0.1138616161616161
2023-10-26,0.1676919999999999
2023-10-27,0.223332
2023-10-28,0.1919487179487179
2023-10-29,0.2027774647887324
2023-10-30,0.168349
2023-10-31,0.203984
2023-11-01,0.138516
2023-11-02,-0.015211
2023-11-03,0.141046
2023-11-04,0.1625859999999999
2023-11-05,0.0540507042253521
2023-11-06,0.26733
2023-11-07,0.272117
2023-11-08,0.2645369999999999
2023-11-09,0.184557
2023-11-10,0.1033709999999999
2023-11-11,0.133522619047619
2023-11-12,0.1692285714285714
2023-11-13,0.1713927083333333
2023-11-14,0.176466
2023-11-15,0.218728
2023-11-16,0.0868649999999999
2023-11-17,0.225232
2023-11-18,0.1139285714285714
2023-11-19,0.15997
2023-11-20,0.3703883720930233
2023-11-21,0.234365
2023-11-22,0.153998
2023-11-23,0.1157267605633803
2023-11-24,0.203978
2023-11-25,0.1965679245283018
2023-11-26,0.2151679245283018
2023-11-27,0.3493545454545455
2023-11-28,0.155954
2023-11-29,0.247078
2023-11-30,0.187634
2023-12-01,0.159511
2023-12-02,0.1934229508196721
2023-12-03,0.109684375
2023-12-04,0.104841
2023-12-05,0.13921
2023-12-06,0.131238
2023-12-07,0.160463
2023-12-08,0.157912
2023-12-09,0.1960538461538461
2023-12-10,0.174376
2023-12-11,0.144418
2023-12-12,0.0600249999999999
2023-12-13,0.188211
2023-12-14,0.132815
2023-12-15,0.0
2023-12-16,0.0
2023-12-17,0.2456969999999999
2023-12-18,0.206325
2023-12-19,0.15725
2023-12-20,0.214254
2023-12-21,0.186972
2023-12-22,0.192897
2023-12-23,0.203299
2023-12-24,0.2729359999999999
2023-12-25,0.3339089999999999
2023-12-26,0.23319
2023-12-27,0.24441
2023-12-28,0.23478
2023-12-29,0.129312
2023-12-30,0.154478
2023-12-31,0.2585620689655172
2024-01-01,0.3589113924050633
2024-01-02,0.143383
2024-01-03,0.154987
2024-01-04,0.087
2024-01-05,0.0683739999999999
2024-01-06,0.2582691489361702
2024-01-07,0.1627047058823529
2024-01-08,0.2118689999999999
2024-01-09,0.2540444444444445
2024-01-10,0.173645
2024-01-11,0.231532
2024-01-12,0.2585990000000001
2024-01-13,0.1974253164556962
2024-01-14,0.1659058139534883
2024-01-15,0.2338779411764706
2024-01-16,0.137507
2024-01-17,0.230038
2024-01-18,0.250759
2024-01-19,0.341321
2024-01-20,0.231814
2024-01-21,0.280325
2024-01-22,0.179343
2024-01-23,0.1970249999999999
2024-01-24,0.187964
2024-01-25,0.221449
2024-01-26,0.141786
2024-01-27,0.226817
2024-01-28,0.2334619047619048
2024-01-29,0.139862
2024-01-30,0.078966
2024-01-31,0.1482499999999999
2024-02-01,0.096929
2024-02-02,0.2445179999999999
2024-02-03,0.216588
2024-02-04,0.169101
2024-02-05,0.2197609999999999
2024-02-06,0.245323
2024-02-07,0.146062
2024-02-08,0.262187
2024-02-09,0.2048149999999999
2024-02-10,0.196693
2024-02-11,0.285804
2024-02-12,0.12085
2024-02-13,0.0
2024-02-14,0.0
2024-02-15,0.0
2024-02-16,0.0
2024-02-17,0.0
2024-02-18,0.0
2024-02-19,0.0
2024-02-20,0.0
2024-02-21,0.0
2024-02-22,0.0
2024-02-23,0.0
2024-02-24,0.0
2024-02-25,0.0
2024-02-26,0.0
2024-02-27,0.0
2024-02-28,0.0
2024-02-29,0.0
2024-03-01,0.0
2024-03-02,0.237508
2024-03-03,0.212918
2024-03-04,0.0590179999999999
2024-03-05,0.3672571428571428
2024-03-06,0.181558
2024-03-07,0.2246459999999999
2024-03-08,0.160475
2024-03-09,0.214831
2024-03-10,0.138907
2024-03-11,0.14153
2024-03-12,0.144278
2024-03-13,0.166216
2024-03-14,0.276848
2024-03-15,0.129129
2024-03-16,0.3009179999999999
2024-03-17,0.2983589999999999
2024-03-18,0.264081
2024-03-19,0.261943
2024-03-20,0.3046079999999999
2024-03-21,0.0908059999999999
2024-03-22,0.2028242424242424
2024-03-23,0.190787
2024-03-24,0.2277319587628866
2024-03-25,0.273049
2024-03-26,0.139488
2024-03-27,0.190973
2024-03-28,0.239541
2024-03-29,0.245713
2024-03-30,0.2579709999999999
2024-03-31,0.29571
2024-04-01,0.1846549999999999
2024-04-02,0.139654
2024-04-03,0.327472
2024-04-04,0.17336
2024-04-05,0.233055
2024-04-06,0.1649
2024-04-07,0.226712
2024-04-08,0.179602
2024-04-09,0.173303
2024-04-10,0.1853129999999999
2024-04-11,0.274438
2024-04-12,0.1534779999999999
2024-04-13,0.1925958333333333
2024-04-14,0.2247785714285714
2024-04-15,0.083115
2024-04-16,0.133024
2024-04-17,0.1751329999999999
2024-04-18,0.1897999999999999
2024-04-19,0.2624777777777777
2024-04-20,0.0563152173913043
2024-04-21,0.2340587301587301
2024-04-22,0.113728
2024-04-23,0.036022
2024-04-24,0.0895789999999999
2024-04-25,0.1288590909090909
2024-04-26,0.13892
2024-04-27,0.2169894736842105
2024-04-28,0.1095894736842105
2024-04-29,0.189633
2024-04-30,0.0650857142857142
2024-05-01,0.176177
2024-05-02,0.183233
2024-05-03,0.173478
2024-05-04,0.248802
2024-05-05,0.19496
2024-05-06,0.0391714285714285
2024-05-07,0.154164
2024-05-08,0.2835089999999999
2024-05-09,0.1737148648648648
2024-05-10,0.075049
2024-05-11,0.0258428571428571
2024-05-12,0.1383971428571428
2024-05-13,0.1381679999999999
2024-05-14,0.247473
2024-05-15,0.161544
2024-05-16,0.204596
2024-05-17,0.1159125
2024-05-18,0.405325
2024-05-19,0.1673837209302325
2024-05-20,0.2855090909090909
2024-05-21,0.195928
2024-05-22,-0.0611199999999999
2024-05-23,0.2285092105263157
2024-05-24,0.2802679999999999
2024-05-25,0.2397859375
2024-05-26,0.1626857142857143
2024-05-27,0.2834695652173912
2024-05-28,0.268996
2024-05-29,0.1573188888888889
2024-05-30,0.1156
2024-05-31,0.1142442857142857
2024-06-01,0.240154
2024-06-02,0.4808166666666666
2024-06-03,0.151617
2024-06-04,0.2274529999999999
2024-06-05,0.2887104166666667
2024-06-06,0.145418
2024-06-07,0.2036272727272727
2024-06-08,0.3734666666666666
2024-06-09,0.1859399999999999
2024-06-10,0.134612
2024-06-11,0.18662
2024-06-12,0.2256329999999999
2024-06-13,0.3235080000000001
2024-06-14,0.1796459999999999
2024-06-15,0.163356
2024-06-16,0.0832
2024-06-17,0.2498889999999999
2024-06-18,0.0771785714285714
2024-06-19,0.3601739999999999
2024-06-20,0.202016
2024-06-21,0.153261
2024-06-22,0.1902979999999999
2024-06-23,0.182142
2024-06-24,0.1749229999999999
2024-06-25,0.348655
2024-06-26,0.170964
2024-06-27,0.2145989999999999
2024-06-28,0.2392619999999999
2024-06-29,0.174144
2024-06-30,0.2358649999999999
2024-07-01,0.133073
2024-07-02,0.14779
2024-07-03,0.318133
2024-07-04,0.398574
2024-07-05,0.3924469999999999
2024-07-06,0.3848
2024-07-07,0.3907389999999999
2024-07-08,0.341295
2024-07-09,0.0434166666666666
2024-07-10,0.293232
2024-07-11,0.279196
2024-07-12,0.2473159999999999
2024-07-13,0.2826363636363636
2024-07-14,0.4560898876404494
2024-07-15,0.307985
2024-07-16,0.296403
2024-07-17,0.326385
2024-07-18,0.303193
2024-07-19,0.2421559999999999
2024-07-20,0.3511454545454545
2024-07-21,0.4490317647058823
2024-07-22,0.199490909090909
2024-07-23,0.0
2024-07-24,0.175449
2024-07-25,0.2588828282828282
2024-07-26,0.357344
2024-07-27,0.424906
2024-07-28,0.3824028985507247
2024-07-29,0.3407069999999999
2024-07-30,0.3986220000000001
2024-07-31,0.344335
2024-08-01,0.105377
2024-08-02,0.1308418367346938
2024-08-03,0.0990125
2024-08-04,0.228192
2024-08-05,-0.0024833333333333
2024-08-06,0.200619
2024-08-07,0.317197
2024-08-08,0.3056709999999999
2024-08-09,0.3817229999999999
2024-08-10,0.219265
2024-08-11,0.3510666666666666
2024-08-12,0.234984
2024-08-13,0.2680249999999999
2024-08-14,0.2225571428571429
2024-08-15,0.3441379999999999
2024-08-16,0.3468929999999999
2024-08-17,0.4203602739726027
2024-08-18,0.094138
2024-08-19,0.346314
2024-08-20,0.3424129999999999
2024-08-21,-0.0234222222222222
2024-08-22,0.19705
2024-08-23,0.317325
2024-08-24,0.2596833333333334
2024-08-25,0.3713190476190476
2024-08-26,0.209816
2024-08-27,0.30539
2024-08-28,0.328152
2024-08-29,0.221206
2024-08-30,0.3505144329896907
2024-08-31,0.3580614035087719
2024-09-01,0.3303473684210526
2024-09-02,0.405031
2024-09-03,0.210996
2024-09-04,0.3507070000000001
2024-09-05,0.3638569999999999
2024-09-06,0.395156
2024-09-07,0.1212924999999999
2024-09-08,0.1761933333333333
2024-09-09,0.0960414141414141
2024-09-10,0.12133
2024-09-11,0.3288692307692307
2024-09-12,0.232319
2024-09-13,0.2198306818181818
2024-09-14,0.01635
2024-09-15,0.2696757575757575
2024-09-16,0.171046
2024-09-17,0.3776750000000001
2024-09-18,0.274764
2024-09-19,0.240839
2024-09-20,0.190706
2024-09-21,0.13491
2024-09-22,0.1719882352941176
2024-09-23,0.130269
2024-09-24,0.1685069999999999
2024-09-25,0.18037
2024-09-26,0.1295538461538461
2024-09-27,0.2189909090909091
2024-09-28,0.2577891304347826
2024-09-29,0.1025263157894736
2024-09-30,0.120759
2024-10-01,0.022763
2024-10-02,0.0993544444444444
2024-10-03,0.1327180555555555
2024-10-04,0.2288988095238095
2024-10-05,0.1561478260869565
2024-10-06,0.0673803921568627
2024-10-07,0.116721
2024-10-08,0.124469
2024-10-09,0.2096869999999999
2024-10-10,0.076521
2024-10-11,0.14355
2024-10-12,0.2155
2024-10-13,0.2841
2024-10-14,0.200994
2024-10-15,0.169097
2024-10-16,0.1588419999999999
2024-10-17,0.1238838383838383
2024-10-18,0.2646585858585858
2024-10-19,0.1352052083333333
2024-10-20,0.1918107692307692
2024-10-21,0.0233742857142857
2024-10-22,0.064966
2024-10-23,0.0874389999999999
2024-10-24,0.240519
2024-10-25,0.229744
2024-10-26,0.3482285714285714
2024-10-27,0.1448455696202531
2024-10-28,0.157214
2024-10-29,0.14601
2024-10-30,0.2255629629629629
2024-10-31,0.099446
2024-11-01,0.302448
2024-11-02,0.1581479166666666
2024-11-03,0.1449863636363636
2024-11-04,0.204041
2024-11-05,0.164737
2024-11-06,0.167589
2024-11-07,0.2151692307692307
2024-11-08,0.1724571428571428
2024-11-09,0.2148
2024-11-10,0.1081770833333333
2024-11-11,0.151559
2024-11-12,0.1275369999999999
2024-11-13,0.259568
2024-11-14,0.138209
2024-11-15,0.1153724489795918
2024-11-16,0.0064
2024-11-17,0.2189153846153846
2024-11-18,0.3309666666666667
2024-11-19,0.105851
2024-11-20,0.1151424242424242
2024-11-21,0.090415
2024-11-22,0.2434166666666666
2024-11-23,0.1592745098039215
2024-11-24,0.1597402985074626
2024-11-25,0.139004
2024-11-26,0.171021
2024-11-27,0.1118666666666666
2024-11-28,0.1301258064516129
2024-11-29,0.2335749999999999
2024-11-30,0.1910740740740741
2024-12-01,0.297775
2024-12-02,0.1595769999999999
2024-12-03,0.1273999999999999
2024-12-04,0.125516
2024-12-05,0.1396309999999999
2024-12-06,0.248716
2024-12-07,0.3898571428571428
2024-12-08,0.330555
2024-12-09,0.3221848484848485
2024-12-10,0.22397
2024-12-11,0.236205
2024-12-12,0.235687
2024-12-13,0.328104
2024-12-14,0.405347
2024-12-15,0.290831
2024-12-16,0.206073
2024-12-17,0.220274
2024-12-18,0.220256
2024-12-19,0.2486929999999999
2024-12-20,0.283113
2024-12-21,0.139527
2024-12-22,0.278528
2024-12-23,0.220303
2024-12-24,0.239833
2024-12-25,0.382769387755102
2024-12-26,0.383517
2024-12-27,0.3487769999999999
2024-12-28,0.2577359999999999
2024-12-29,0.267698
2024-12-30,0.188075
2024-12-31,0.262911
2025-01-01,0.234611
2025-01-02,0.1925525252525252
2025-01-03,0.216175
2025-01-04,0.264418
2025-01-05,0.3256949999999999
2025-01-06,0.281505
2025-01-07,0.2575626262626262
2025-01-08,0.155751
2025-01-09,0.311225
2025-01-10,0.244781
2025-01-11,0.3724609999999999
2025-01-12,0.137119540229885
2025-01-13,0.203764
2025-01-14,0.293099
2025-01-15,0.36945
2025-01-16,0.083397
2025-01-17,0.315116
2025-01-18,0.28239
2025-01-19,0.322756
2025-01-20,0.343124
2025-01-21,0.09387
2025-01-22,0.229984
2025-01-23,0.3228343434343434
2025-01-24,0.2750424242424242
2025-01-25,0.150035
2025-01-26,0.247084
2025-01-27,0.228131
2025-01-28,0.300384
2025-01-29,0.228008
2025-01-30,0.0806659999999999
2025-01-31,0.185560606060606
2025-02-01,0.1084515151515151
2025-02-02,0.222583
2025-02-03,0.153094
2025-02-04,0.144332
2025-02-05,0.224223
2025-02-06,0.167822
2025-02-07,0.161872
2025-02-08,0.221693
2025-02-09,-0.014290909090909
2025-02-10,0.247365
2025-02-11,0.4029399999999999
2025-02-12,0.3462699999999999
2025-02-13,0.3886299999999999
2025-02-14,0.3420629999999999
2025-02-15,0.4096851063829785
2025-02-16,0.2260564705882353
2025-02-17,0.3305559999999999
2025-02-18,0.323791
2025-02-19,0.3850375
2025-02-20,0.303554
2025-02-21,0.5036625
2025-02-22,0.319188
2025-02-23,0.3149572916666667
2025-02-24,0.312545
2025-02-25,0.266773
2025-02-26,0.271573
2025-02-27,0.2964830000000001
2025-02-28,0.268817
2025-03-01,0.2553276315789473
2025-03-02,0.3522252525252525
2025-03-03,0.252866
2025-03-04,0.3141439999999999
2025-03-05,0.2652575757575757
2025-03-06,0.265688
2025-03-07,0.290587
2025-03-08,0.2275493333333334
2025-03-09,0.2739830769230769
2025-03-10,0.0084269999999999
2025-03-11,0.212027
2025-03-12,0.22581
2025-03-13,0.1464383838383838
2025-03-14,0.221598
2025-03-15,0.3364481927710843
2025-03-16,0.2210479999999999
2025-03-17,0.246294
2025-03-18,0.287768
2025-03-19,0.250365
2025-03-20,0.1738454545454545
2025-03-21,0.279414
2025-03-22,0.244127659574468
2025-03-23,0.266074
2025-03-24,0.2178878787878788
2025-03-25,0.2540030303030303
2025-03-26,0.3840333333333333
2025-03-27,0.2608875
2025-03-28,0.263026
2025-03-29,0.4531473684210526
2025-03-30,0.27775
2025-03-31,0.273403
2025-04-01,0.1938040404040404
2025-04-02,0.142606
2025-04-03,0.221495
2025-04-04,0.0926530612244898
2025-04-05,0.2259131313131313
2025-04-06,0.2028269999999999
2025-04-07,0.04323
2025-04-08,-0.03013
2025-04-09,0.177598969072165
2025-04-10,0.044458
2025-04-11,0.2059359999999999
2025-04-12,0.155915
2025-04-13,0.196
2025-04-14,0.287455
2025-04-15,0.305119
2025-04-16,0.227163
2025-04-17,0.214381
2025-04-18,0.5030199999999999
2025-04-19,0.40102
2025-04-20,0.3887029999999999
2025-04-21,0.186093
2025-04-22,0.275564
2025-04-23,0.200793
2025-04-24,0.238889
2025-04-25,0.246218
2025-04-26,0.2372718309859154
2025-04-27,0.4213647058823529
2025-04-28,0.104383
2025-04-29,0.169402
2025-04-30,0.294724
2025-05-01,0.144035
2025-05-02,0.152396
2025-05-03,0.2601131313131313
2025-05-04,0.373546
2025-05-05,0.096839
2025-05-06,0.28574
2025-05-07,0.183303
2025-05-08,0.2721789999999999
2025-05-09,0.172623
2025-05-10,0.1817546874999999
2025-05-11,0.3210644444444444
2025-05-12,0.256259
2025-05-13,0.307264
2025-05-14,0.3244719999999999
2025-05-15,0.356682
2025-05-16,0.398271
2025-05-17,0.309773
2025-05-18,0.343483
2025-05-19,0.2420079999999999
2025-05-20,0.430688
2025-05-21,0.305044
2025-05-22,0.217632
2025-05-23,0.098753
2025-05-24,0.336026
2025-05-25,0.8519
2025-05-26,0.419679
2025-05-27,0.373663
2025-05-28,0.3470759999999999
2025-05-29,0.301941
2025-05-30,0.2994122448979592
2025-05-31,0.3284890000000001
2025-06-01,0.289188
2025-06-02,0.251664
2025-06-03,0.208977
2025-06-04,0.2476353535353535
2025-06-05,0.2895759999999999
2025-06-06,0.286525
2025-06-07,0.3738218749999999
2025-06-08,0.3042227272727272
2025-06-09,0.3259989999999999
2025-06-10,-0.0146874999999999
2025-06-11,0.4025649999999999
2025-06-12,0.3332931818181818
2025-06-13,0.3290459999999999
2025-06-14,0.31184
2025-06-15,0.3674753623188406
2025-06-16,0.29423
2025-06-17,0.247699
2025-06-18,0.287178
2025-06-19,0.4283269999999999
2025-06-20,0.2721449999999999
2025-06-21,0.2837322033898304
2025-06-22,0.357446
2025-06-23,0.3279189999999999
2025-06-24,0.2730149999999999
2025-06-25,0.2805285714285714
2025-06-26,0.684786
2025-06-27,0.427052
2025-06-28,-0.0974358974358974
2025-06-29,0.209054
2025-06-30,0.364478
2025-07-01,0.4432689999999999
2025-07-02,0.368089
2025-07-03,0.3468469999999999
2025-07-04,0.7575189999999996
2025-07-05,0.330762
2025-07-06,0.1511
2025-07-07,0.7275480000000001
2025-07-08,0.0
2025-07-09,0.1949346153846153
2025-07-10,0.334621
2025-07-11,0.212445
2025-07-12,0.3780979999999999
2025-07-13,0.2519118644067796
2025-07-14,0.1986473118279569
2025-07-15,0.448994
2025-07-16,0.315328
2025-07-17,0.2734294117647059
2025-07-18,0.1611949999999999
2025-07-19,0.3928610000000001
2025-07-20,0.5804409999999999
2025-07-21,0.1250725490196078
2025-07-22,0.125805
2025-07-23,0.181894
2025-07-24,0.311493
2025-07-25,0.2137373737373737
2025-07-26,0.285504081632653
2025-07-27,0.3327914893617021
2025-07-28,0.1579420454545454
2025-07-29,0.289968
2025-07-30,0.0574515151515151
2025-07-31,0.3032333333333333
2025-08-01,0.1780279999999999
2025-08-02,0.3513729999999999
2025-08-03,0.0986939999999999
2025-08-04,0.1316888888888889
2025-08-05,0.2126789999999999
2025-08-06,0.19859399999999997
2025-08-07,0.18837100000000004
2025-08-08,0.281135
2025-08-09,0.288449
2025-08-10,0.31879799999999997
2025-08-11,0.3861059999999999
2025-08-12,0.267528
2025-08-13,0.3467896103896103
2025-08-14,0.29196
2025-08-15,0.12753299999999998
2025-08-16,0.12416538461538461
2025-08-17,0.372406
2025-08-18,0.28560899999999995
2025-08-19,0.40254199999999996
2025-08-20,0.289475
2025-08-21,0.17387799999999998
2025-08-22,0.353134
2025-08-23,0.34512978723404253
2025-08-24,0.375991
2025-08-25,0.254089
2025-08-26,0.31241099999999994
2025-08-27,0.3608200000000001
2025-08-28,0.38152
2025-08-29,0.30812000000000006
2025-08-30,0.3590857142857143
2025-08-31,0.44714699999999996
2025-09-01,0.3101169999999999
2025-09-02,0.2623669999999999
2025-09-03,0.214238
2025-09-04,0.189062
2025-09-05,0.375026
2025-09-06,0.418117
2025-09-07,0.36745400000000006
2025-09-08,0.44036899999999995
2025-09-09,0.19478
2025-09-10,0.21020500000000003
2025-09-11,0.296618
2025-09-12,0.32035800000000003
2025-09-13,0.356338
2025-09-14,0.374351
2025-09-15,0.28952799999999995
